x,y,th,z1,phi1,z2,phi2,z3,phi3,z4,phi4,z5,phi5,z6,phi6,z7,phi7,z8,phi8,z9,phi9,z10,phi10,z11,phi11
10,15,0,14,-1.570796327,14.56021978,-1.292496668,17.20465053,-0.950546841,23.60084744,-0.635026735,23.08679276,-0.308052781,60,0,94.5568612,0.311717446,25,0.643501109,18.60107524,0.938047492,63.2455532,1.249045772,85,1.570796327
11,15,0,14,-1.570796327,14.56021978,-1.292496668,17.20465053,-0.950546841,23.60084744,-0.635026735,22.13594362,-0.321750554,59,0,93.60555539,0.3149939,25,0.643501109,18.60107524,0.938047492,60.08327554,1.249045772,85,1.570796327
12,15,0,14,-1.570796327,14.56021978,-1.292496668,17.20465053,-0.950546841,23.60084744,-0.635026735,20.88061302,-0.291456794,58,0,92.34717104,0.308052781,25,0.643501109,18.60107524,0.938047492,24.35159132,1.236059489,85,1.570796327
13,15,0,14,-1.570796327,14.56021978,-1.292496668,17.20465053,-0.950546841,23.60084744,-0.635026735,19.92485885,-0.305878871,57,0,91.39474821,0.311370304,25,0.643501109,18.60107524,0.938047492,21.1896201,1.234121507,85,1.570796327
14,15,0,14,-1.570796327,14.56021978,-1.292496668,17.20465053,-0.950546841,22.20360331,-0.62548504,18.97366596,-0.321750554,56,0,90.44335244,0.314757661,25,0.643501109,18.60107524,0.938047492,18.02775638,1.231503712,85,1.570796327
15,15,0,14,-1.570796327,14.56021978,-1.292496668,17.20465053,-0.950546841,20.80865205,-0.614662952,17.72004515,-0.286051442,55,0,89.18520057,0.307567108,25,0.643501109,18.60107524,0.938047492,15.8113883,1.249045772,85,1.570796327
16,15,0,14,-1.570796327,14.56021978,-1.292496668,17.20465053,-0.950546841,19.41648784,-0.602287346,16.76305461,-0.302884868,54,0,88.23264702,0.310998281,25,0.643501109,18.60107524,0.938047492,15.8113883,1.249045772,85,1.570796327
17,15,0,14,-1.570796327,14.56021978,-1.292496668,17.20465053,-0.950546841,18.60107524,-0.632748835,15.8113883,-0.321750554,53,0,87.2811549,0.314504304,25,0.643501109,18.60107524,0.938047492,15.8113883,1.249045772,85,1.570796327
18,15,0,14,-1.570796327,14.56021978,-1.292496668,17.20465053,-0.950546841,17.20465053,-0.620249486,14.86606875,-0.34302394,52,0,86.33075929,0.318087567,25,0.643501109,18.60107524,0.938047492,15.8113883,1.249045772,85,1.570796327
19,15,0,14,-1.570796327,14.56021978,-1.292496668,17.20465053,-0.950546841,15.8113883,-0.605544664,44.27188724,-0.321750554,51,0,85.07055895,0.3105986,25,0.643501109,18.60107524,0.938047492,15.8113883,1.249045772,85,1.570796327
20,15,0,14,-1.570796327,14.56021978,-1.292496668,17.20465053,-0.950546841,14.4222051,-0.588002604,44.27188724,-0.321750554,50,0,84.11896338,0.314231899,25,0.643501109,18.60107524,0.938047492,15.8113883,1.249045772,15,1.570796327
21,15,0,14,-1.570796327,14.56021978,-1.292496668,17.20465053,-0.950546841,13.60147051,-0.628796286,44.27188724,-0.321750554,49,0,83.16850365,0.317948291,97.41663102,0.625022719,18.60107524,0.938047492,15.8113883,1.249045772,15,1.570796327
22,15,0,14,-1.570796327,14.56021978,-1.292496668,16.40121947,-0.915100701,12.20655562,-0.610725964,44.27188724,-0.321750554,48,0,81.90848552,0.310168061,96.02083107,0.622670789,18.60107524,0.938047492,15.8113883,1.249045772,15,1.570796327
23,15,0,14,-1.570796327,14.56021978,-1.292496668,15,-0.927295218,10.81665383,-0.588002604,44.27188724,-0.321750554,47,0,80.95677859,0.313938213,95.21029356,0.628796286,18.60107524,0.938047492,15.8113883,1.249045772,15,1.570796327
24,15,0,14,-1.570796327,14.56021978,-1.292496668,12.80624847,-0.896055385,10,-0.643501109,44.27188724,-0.321750554,46,0,80.00624976,0.317798006,93.81364506,0.626445194,18.60107524,0.938047492,15.8113883,1.249045772,15,1.570796327
25,15,0,14,-1.570796327,14.56021978,-1.292496668,11.40175425,-0.909753158,8.602325267,-0.620249486,44.27188724,-0.321750554,45,0,78.74642849,0.309702945,92.4175308,0.624023053,18.60107524,0.938047492,15.8113883,1.249045772,15,1.570796327
26,15,0,14,-1.570796327,14.56021978,-1.292496668,10,-0.927295218,7.810249676,-0.694738276,44.27188724,-0.321750554,44,0,77.79460136,0.313620652,91.60785992,0.630401421,18.60107524,0.938047492,15.8113883,1.249045772,15,1.570796327
27,15,0,14,-1.570796327,14.56021978,-1.292496668,7.810249676,-0.876058051,NaN,NaN,44.27188724,-0.321750554,43,0,76.84399781,0.317635351,90.21086409,0.627981291,18.60107524,0.938047492,15.8113883,1.249045772,15,1.570796327
28,15,0,14,-1.570796327,11.70469991,-1.222025323,6.403124237,-0.896055385,NaN,NaN,44.27188724,-0.321750554,42,0,75.58438992,0.309198912,88.81441324,0.62548504,18.60107524,0.938047492,15.8113883,1.249045772,15,1.570796327
29,15,0,14,-1.570796327,8.544003745,-1.212025657,5.830951895,-1.030376827,NaN,NaN,44.27188724,-0.321750554,41,0,74.63243263,0.313276181,87.4185335,0.622909054,18.60107524,0.938047492,15.8113883,1.249045772,15,1.570796327
30,15,0,14,-1.570796327,5.385164807,-1.19028995,17.20465053,-0.950546841,NaN,NaN,44.27188724,-0.321750554,40,0,73.68174808,0.317458735,86.60831369,0.629645183,73.81734214,0.948972039,15.8113883,1.249045772,15,1.570796327
31,15,0,14,-1.570796327,5.099019514,-1.373400767,NaN,NaN,NaN,NaN,44.27188724,-0.321750554,39,0,72.42237223,0.308650867,85.21150157,0.627070663,73.81734214,0.948972039,15.8113883,1.249045772,15,1.570796327
32,15,0,5,-1.570796327,14.56021978,-1.292496668,NaN,NaN,NaN,NaN,44.27188724,-0.321750554,38,0,71.47027354,0.312901228,83.81527307,0.62441035,73.00684899,0.940992991,15.8113883,1.249045772,15,1.570796327
33,15,0,14,-1.570796327,14.56021978,-1.292496668,NaN,NaN,NaN,NaN,44.27188724,-0.321750554,37,0,70.51950085,0.31726628,82.41965785,0.621659922,70.80254233,0.935769591,15.8113883,1.249045772,15,1.570796327
34,15,0,14,-1.570796327,14.56021978,-1.292496668,NaN,NaN,NaN,NaN,44.27188724,-0.321750554,36,0,69.26037828,0.308052781,81.60882305,0.628796286,69.4046108,0.938822085,15.8113883,1.249045772,15,1.570796327
35,15,0,14,-1.570796327,14.56021978,-1.292496668,NaN,NaN,NaN,NaN,44.27188724,-0.321750554,35,0,68.30812543,0.31249156,80.21221852,0.626046522,68.00735254,0.94200004,15.8113883,1.249045772,15,1.570796327
36,15,0,14,-1.570796327,14.56021978,-1.292496668,NaN,NaN,24.41311123,-0.610725964,44.27188724,-0.321750554,34,0,67.35725648,0.317055753,78.81624198,0.62319933,65.80273551,0.936413506,89.18520057,1.263229218,15,1.570796327
37,15,0,14,-1.570796327,NaN,NaN,NaN,NaN,23.60084744,-0.635026735,44.27188724,-0.321750554,33,0,66.09841148,0.307397473,78.00640999,0.630681298,64.40496875,0.939716939,89.18520057,1.263229218,15,1.570796327
38,15,0,14,-1.570796327,NaN,NaN,NaN,NaN,23.60084744,-0.635026735,44.27188724,-0.321750554,32,0,65.1459899,0.312042122,76.6093989,0.627836594,62.20128616,0.933725998,89.18520057,1.263229218,15,1.570796327
39,15,0,14,-1.570796327,NaN,NaN,NaN,NaN,23.60084744,-0.635026735,44.27188724,-0.321750554,31,0,64.19501538,0.316824486,75.21303079,0.624886238,60.80296045,0.937163319,89.18520057,1.263229218,15,1.570796327
40,15,0,14,-1.570796327,NaN,NaN,NaN,NaN,23.60084744,-0.635026735,44.27188724,-0.321750554,30,0,62.93647591,0.306676319,73.81734214,0.621824288,59.40538696,0.940762417,63.2455532,1.249045772,15,1.570796327
41,15,0,NaN,NaN,NaN,NaN,NaN,NaN,23.60084744,-0.635026735,44.27188724,-0.321750554,29,0,61.98386887,0.311546827,60.21627687,0.620249486,57.20139858,0.934288111,62.93647591,1.264120007,85,1.570796327
42,15,0,NaN,NaN,NaN,NaN,NaN,NaN,23.60084744,-0.635026735,44.27188724,-0.321750554,28,0,61.03277808,0.316569254,59.40538696,0.63003391,55.80322571,0.938047492,62.93647591,1.264120007,85,1.570796327
43,15,0,NaN,NaN,NaN,NaN,NaN,NaN,23.60084744,-0.635026735,44.27188724,-0.321750554,27,0,59.77457654,0.305878871,59.40538696,0.63003391,55.21775077,0.952652101,62.93647591,1.264120007,85,1.570796327
44,15,0,NaN,NaN,NaN,NaN,NaN,NaN,23.60084744,-0.635026735,44.27188724,-0.321750554,26,0,58.82176468,0.310998281,59.40538696,0.63003391,95.21029356,0.94200004,62.93647591,1.264120007,85,1.570796327
45,15,0,NaN,NaN,NaN,NaN,NaN,NaN,23.60084744,-0.635026735,44.27188724,-0.321750554,25,0,57.87054518,0.316286128,59.40538696,0.63003391,93.00537619,0.938047492,62.93647591,1.264120007,85,1.570796327
46,15,0,NaN,NaN,NaN,NaN,17.20465053,-0.950546841,23.60084744,-0.635026735,44.27188724,-0.321750554,24,0,56.61271942,0.304992347,59.40538696,0.63003391,91.60785992,0.940394905,62.93647591,1.264120007,85,1.570796327
47,15,0,NaN,NaN,NaN,NaN,17.20465053,-0.950546841,23.60084744,-0.635026735,44.27188724,-0.321750554,23,0,55.6596802,0.310387407,59.40538696,0.63003391,89.40357935,0.936243525,62.93647591,1.264120007,85,1.570796327
48,15,0,NaN,NaN,NaN,NaN,17.20465053,-0.950546841,23.60084744,-0.635026735,44.27188724,-0.321750554,22,0,54.70831747,0.315970272,59.40538696,0.63003391,88.00568163,0.938658365,62.93647591,1.264120007,85,1.570796327
49,15,0,NaN,NaN,NaN,NaN,17.20465053,-0.950546841,23.60084744,-0.635026735,44.27188724,-0.321750554,21,0,53.45091206,0.304000939,59.40538696,0.63003391,86.60831369,0.941151144,62.93647591,1.264120007,85,1.570796327
50,15,0,NaN,NaN,NaN,NaN,17.20465053,-0.950546841,23.60084744,-0.635026735,44.27188724,-0.321750554,20,0,52.49761899,0.309702945,59.40538696,0.63003391,84.40379138,0.936773607,62.93647591,1.264120007,85,1.570796327
51,15,0,NaN,NaN,14.86606875,-1.227772386,17.20465053,-0.950546841,23.60084744,-0.635026735,44.27188724,-0.321750554,19,0,51.54609588,0.315615662,59.40538696,0.63003391,83.00602388,0.939342828,62.93647591,1.264120007,85,1.570796327
52,15,0,NaN,NaN,14.56021978,-1.292496668,17.20465053,-0.950546841,23.60084744,-0.635026735,44.27188724,-0.321750554,18,0,50.28916384,0.302884868,59.40538696,0.63003391,81.60882305,0.94200004,62.93647591,1.264120007,85,1.570796327
53,15,0,NaN,NaN,14.56021978,-1.292496668,17.20465053,-0.950546841,23.60084744,-0.635026735,44.27188724,-0.321750554,17,0,17.72004515,0.286051442,58.00862005,0.626261438,79.40403012,0.937370444,62.93647591,1.264120007,85,1.570796327
54,15,0,NaN,NaN,14.56021978,-1.292496668,17.20465053,-0.950546841,23.60084744,-0.635026735,44.27188724,-0.321750554,16,0,16.76305461,0.302884868,56.61271942,0.622302871,78.00640999,0.940115028,62.93647591,1.264120007,85,1.570796327
55,15,0,NaN,NaN,14.56021978,-1.292496668,17.20465053,-0.950546841,23.60084744,-0.635026735,44.27188724,-0.321750554,15,0,15.8113883,0.321750554,55.21775077,0.618144226,75.80237463,0.93521062,62.93647591,1.264120007,85,1.570796327
55,15,0,NaN,NaN,14.56021978,-1.292496668,17.20465053,-0.950546841,23.60084744,-0.635026735,44.27188724,-0.321750554,15,0,15.8113883,0.321750554,55.21775077,0.618144226,75.80237463,0.93521062,62.93647591,1.264120007,85,1.570796327
55,15,0.174532925,14.14213562,-1.603432197,15.65247584,-1.281681643,19.79898987,-0.959931089,31.30495168,-0.638180534,45.39823785,-0.307084457,15.29705854,0.022862635,51,0.315424401,64.35060217,0.621853807,94.3716059,0.946832844,60.5309838,1.263711869,86.31338251,1.570935601
55,15,0.34906585,14.86606875,-1.576838237,17.80449381,-1.25389294,24.41311123,-0.959791815,46.84015371,-0.630298052,15,-0.34906585,15.8113883,-0.027315296,56.22277119,0.322897321,79.88116173,0.623311583,62.36184731,0.945633457,85.0529247,1.25700995,71.51223672,1.578864487
55,15,0.523598776,16.1245155,-1.575248988,20.51828453,-1.274527838,33.10589071,-0.960225935,45.27692569,-0.634255997,15.29705854,-0.326203216,51.97114584,0.000320572,67.26812024,0.314382449,49.24428901,0.628973222,60.29925373,0.947528899,86.88498144,1.255879314,29.15475947,1.587617051
55,15,0.698131701,17.80449381,-1.60295879,26.07680962,-1.264860918,46.32493929,-0.93787481,15.03329638,-0.631563537,48.46648326,-0.317625324,53.90732789,0.008482502,84.05950273,0.307760224,61.84658438,0.627685963,85.21150157,0.943135971,65.9241989,1.261621506,22.6715681,1.595643979
55,15,0.872664626,21.26029163,-1.591494626,36.76955262,-1.26327167,45.09988914,-0.93923279,15.5241747,-0.612062234,53,-0.316065308,69.52697318,-0.005814418,52,0.303340581,85.21150157,0.627660356,87.55569656,0.940340288,27.45906044,1.276033638,22.6715681,1.545948674
55,15,1.047197551,27.78488798,-1.575272,45.89117562,-1.244593111,15.03329638,-0.980629387,49.24428901,-0.628973222,51.66236541,-0.302872166,89.18520057,-0.005282775,61.39218191,0.310230133,85.47514259,0.629088084,49.24428901,0.941823105,21.9317122,1.276750057,29.15475947,1.553975602
55,15,1.221730476,39.56008089,-1.583459718,15,-1.221730476,15.5241747,-0.961128085,54.08326913,-0.633727873,72.62231062,-0.319223568,57.5847202,-0.005639802,85.0529247,0.313786377,72.80109889,0.627365509,26.62705391,0.947484744,24.20743687,1.251572758,57.5847202,1.565156525
55,15,1.396263402,45.70557953,-1.572203027,15.13274595,-1.263711869,50.08991915,-0.941544127,50.20956084,-0.624948814,95.29428105,-0.317276251,60.8276253,0.009384248,85.84287973,0.314782535,50.08991915,0.6292522,21.21320344,0.959931089,30.88689042,1.238230748,54.74486277,1.580180575
55,15,1.570796327,15,-1.570796327,15.8113883,-1.249045772,55.21775077,-0.952652101,75.80237463,-0.635585707,62.93647591,-0.306676319,85,0,73.68174808,0.317458735,25,0.643501109,25,0.927295218,56.61271942,1.26580398,54,1.570796327
55,15,1.570796327,15,-1.570796327,15.8113883,-1.249045772,55.21775077,-0.952652101,75.80237463,-0.635585707,62.93647591,-0.306676319,85,0,73.68174808,0.317458735,25,0.643501109,25,0.927295218,56.61271942,1.26580398,54,1.570796327
55,16,1.570796327,15,-1.570796327,47.12748667,-1.269177281,55.21775077,-0.952652101,75.80237463,-0.635585707,61.98386887,-0.311546827,84,0,72.42237223,0.308650867,25,0.643501109,23.60084744,0.935769591,56.61271942,1.26580398,54,1.570796327
55,17,1.570796327,15,-1.570796327,47.12748667,-1.269177281,55.21775077,-0.952652101,75.80237463,-0.635585707,61.03277808,-0.316569254,83,0,71.47027354,0.312901228,25,0.643501109,21.40093456,0.917949696,56.61271942,1.26580398,54,1.570796327
55,18,1.570796327,15,-1.570796327,47.12748667,-1.269177281,54.40588203,-0.94200004,75.80237463,-0.635585707,59.77457654,-0.305878871,82,0,70.51950085,0.31726628,25,0.643501109,20,0.927295218,37,1.240498972,54,1.570796327
55,19,1.570796327,15,-1.570796327,47.12748667,-1.269177281,52.20153254,-0.934957903,75.80237463,-0.635585707,58.82176468,-0.310998281,81,0,69.26037828,0.308052781,25,0.643501109,18.60107524,0.938047492,33.83784863,1.23970025,54,1.570796327
55,20,1.570796327,15,-1.570796327,47.12748667,-1.269177281,50.80354318,-0.939105692,75.80237463,-0.635585707,57.87054518,-0.316286128,80,0,68.30812543,0.31249156,25,0.643501109,18.60107524,0.938047492,30.6757233,1.238736859,54,1.570796327
55,21,1.570796327,45,-1.570796327,47.12748667,-1.269177281,48.60041152,-0.931410421,75.80237463,-0.635585707,56.61271942,-0.304992347,79,0,67.35725648,0.317055753,91.60785992,0.630401421,18.60107524,0.938047492,27.51363298,1.237552026,54,1.570796327
55,22,1.570796327,45,-1.570796327,47.12748667,-1.269177281,47.20169488,-0.935769591,75.80237463,-0.635585707,55.6596802,-0.310387407,78,0,66.09841148,0.307397473,91.60785992,0.630401421,18.60107524,0.938047492,24.35159132,1.236059489,54,1.570796327
55,23,1.570796327,45,-1.570796327,47.12748667,-1.269177281,45.80392996,-0.940394905,75.80237463,-0.635585707,54.70831747,-0.315970272,77,0,65.1459899,0.312042122,91.60785992,0.630401421,18.60107524,0.938047492,21.1896201,1.234121507,54,1.570796327
55,24,1.570796327,45,-1.570796327,47.12748667,-1.269177281,43.60045871,-0.931882342,75.80237463,-0.635585707,53.45091206,-0.304000939,76,0,64.19501538,0.316824486,91.60785992,0.630401421,18.60107524,0.938047492,18.02775638,1.231503712,54,1.570796327
55,25,1.570796327,45,-1.570796327,47.12748667,-1.269177281,43.01162634,-0.950546841,75.80237463,-0.635585707,52.49761899,-0.309702945,75,0,63.2455532,0.321750554,43.01162634,0.620249486,18.60107524,0.938047492,15.8113883,1.249045772,54,1.570796327
55,26,1.570796327,45,-1.570796327,47.12748667,-1.269177281,55.21775077,-0.952652101,75.80237463,-0.635585707,51.54609588,-0.315615662,74,0,77.79460136,0.313620652,41.61730409,0.614662952,18.60107524,0.938047492,15.8113883,1.249045772,54,1.570796327
55,27,1.570796327,45,-1.570796327,47.12748667,-1.269177281,55.21775077,-0.952652101,75.80237463,-0.635585707,50.28916384,-0.302884868,73,0,76.84399781,0.317635351,40.80441153,0.628796286,18.60107524,0.938047492,15.8113883,1.249045772,54,1.570796327
55,28,1.570796327,45,-1.570796327,47.12748667,-1.269177281,55.21775077,-0.952652101,75.80237463,-0.635585707,49.33558553,-0.308930744,72,0,75.58438992,0.309198912,39.40812099,0.62319933,18.60107524,0.938047492,15.8113883,1.249045772,54,1.570796327
55,29,1.570796327,45,-1.570796327,47.12748667,-1.269177281,55.21775077,-0.952652101,75.80237463,-0.635585707,48.38388161,-0.3152147,71,0,74.63243263,0.313276181,38.01315562,0.617191392,18.60107524,0.938047492,15.8113883,1.249045772,54,1.570796327
55,30,1.570796327,45,-1.570796327,47.12748667,-1.269177281,55.21775077,-0.952652101,75.80237463,-0.635585707,47.12748667,-0.301619046,70,0,73.68174808,0.317458735,37.20215048,0.632748835,NaN,NaN,15.8113883,1.249045772,15,1.570796327
55,31,1.570796327,45,-1.570796327,47.12748667,-1.269177281,55.21775077,-0.952652101,75.80237463,-0.635585707,46.17358552,-0.308052781,69,0,72.42237223,0.308650867,35.80502758,0.626742901,NaN,NaN,15.8113883,1.249045772,15,1.570796327
55,32,1.570796327,45,-1.570796327,47.12748667,-1.269177281,55.21775077,-0.952652101,34.40930107,-0.620249486,45.22167622,-0.314757661,68,0,71.47027354,0.312901228,34.40930107,0.620249486,NaN,NaN,15.8113883,1.249045772,15,1.570796327
55,33,1.570796327,45,-1.570796327,47.12748667,-1.269177281,55.21775077,-0.952652101,33.60059523,-0.637548798,44.27188724,-0.321750554,67,0,70.51950085,0.31726628,33.60059523,0.637548798,NaN,NaN,15.8113883,1.249045772,15,1.570796327
55,34,1.570796327,45,-1.570796327,47.12748667,-1.269177281,55.21775077,-0.952652101,33.60059523,-0.637548798,43.01162634,-0.307045732,66,0,69.26037828,0.308052781,42.20189569,0.63402272,NaN,NaN,15.8113883,1.249045772,15,1.570796327
55,35,1.570796327,45,-1.570796327,47.12748667,-1.269177281,55.21775077,-0.952652101,33.60059523,-0.637548798,42.05948169,-0.314231899,65,0,68.30812543,0.31249156,42.20189569,0.63402272,NaN,NaN,15.8113883,1.249045772,15,1.570796327
55,36,1.570796327,45,-1.570796327,44.27188724,-1.249045772,55.21775077,-0.952652101,33.60059523,-0.637548798,41.10960958,-0.321750554,64,0,67.35725648,0.317055753,42.20189569,0.63402272,NaN,NaN,56.61271942,1.26580398,15,1.570796327
55,37,1.570796327,45,-1.570796327,41.10960958,-1.249045772,55.21775077,-0.952652101,33.60059523,-0.637548798,39.84971769,-0.305878871,63,0,66.09841148,0.307397473,42.20189569,0.63402272,66.61080993,0.945311287,56.61271942,1.26580398,15,1.570796327
55,38,1.570796327,45,-1.570796327,37,-1.240498972,55.21775077,-0.952652101,33.60059523,-0.637548798,38.89730068,-0.313620652,62,0,65.1459899,0.312042122,42.20189569,0.63402272,66.61080993,0.945311287,56.61271942,1.26580398,15,1.570796327
55,39,1.570796327,45,-1.570796327,36.68787266,-1.266285444,55.21775077,-0.952652101,33.60059523,-0.637548798,37.94733192,-0.321750554,61,0,64.19501538,0.316824486,42.20189569,0.63402272,66.61080993,0.945311287,56.61271942,1.26580398,15,1.570796327
55,40,1.570796327,45,-1.570796327,47.12748667,-1.269177281,55.21775077,-0.952652101,33.60059523,-0.637548798,36.68787266,-0.304510883,60,0,62.93647591,0.306676319,42.20189569,0.63402272,66.61080993,0.945311287,56.61271942,1.26580398,15,1.570796327
55,41,1.570796327,45,-1.570796327,47.12748667,-1.269177281,55.21775077,-0.952652101,33.60059523,-0.637548798,35.73513677,-0.312901228,59,0,61.98386887,0.311546827,42.20189569,0.63402272,66.61080993,0.945311287,56.61271942,1.26580398,54,1.570796327
55,42,1.570796327,45,-1.570796327,47.12748667,-1.269177281,55.21775077,-0.952652101,33.60059523,-0.637548798,34.78505426,-0.321750554,58,0,61.03277808,0.316569254,42.20189569,0.63402272,30,0.927295218,56.61271942,1.26580398,54,1.570796327
55,43,1.570796327,45,-1.570796327,47.12748667,-1.269177281,55.21775077,-0.952652101,33.60059523,-0.637548798,33.52610923,-0.302884868,57,0,59.77457654,0.305878871,42.20189569,0.63402272,28.60069929,0.934288111,56.61271942,1.26580398,54,1.570796327
55,44,1.570796327,45,-1.570796327,47.12748667,-1.269177281,55.21775077,-0.952652101,33.60059523,-0.637548798,32.57299495,-0.312042122,56,0,58.82176468,0.310998281,42.20189569,0.63402272,27.20294102,0.94200004,NaN,NaN,54,1.570796327
55,45,1.570796327,45,-1.570796327,47.12748667,-1.269177281,25,-0.927295218,33.60059523,-0.637548798,31.6227766,-0.321750554,55,0,57.87054518,0.316286128,42.20189569,0.63402272,25,0.927295218,NaN,NaN,54,1.570796327
55,46,1.570796327,45,-1.570796327,47.12748667,-1.269177281,24.41311123,-0.960070362,33.60059523,-0.637548798,30.3644529,-0.300920234,54,0,56.61271942,0.304992347,42.20189569,0.63402272,24.41311123,0.960070362,NaN,NaN,54,1.570796327
55,47,1.570796327,45,-1.570796327,47.12748667,-1.269177281,24.41311123,-0.960070362,33.60059523,-0.637548798,29.41088234,-0.310998281,53,0,55.6596802,0.310387407,42.20189569,0.63402272,30.8058436,0.946773274,NaN,NaN,54,1.570796327
55,48,1.570796327,45,-1.570796327,47.12748667,-1.269177281,24.41311123,-0.960070362,33.01514804,-0.613207349,28.46049894,-0.321750554,52,0,54.70831747,0.315970272,42.20189569,0.63402272,30.8058436,0.946773274,NaN,NaN,54,1.570796327
55,49,1.570796327,45,-1.570796327,47.12748667,-1.269177281,24.41311123,-0.960070362,32.20248438,-0.631079387,27.20294102,-0.298498932,51,0,53.45091206,0.304000939,42.20189569,0.63402272,30.8058436,0.946773274,NaN,NaN,54,1.570796327
55,50,1.570796327,35,-1.570796327,47.12748667,-1.269177281,24.41311123,-0.960070362,30.8058436,-0.624023053,26.2488095,-0.309702945,50,0,52.49761899,0.309702945,42.20189569,0.63402272,30.8058436,0.946773274,NaN,NaN,54,1.570796327
55,45,1.570796327,45,-1.570796327,47.12748667,-1.269177281,25,-0.927295218,33.60059523,-0.637548798,31.6227766,-0.321750554,55,0,57.87054518,0.316286128,42.20189569,0.63402272,25,0.927295218,NaN,NaN,54,1.570796327
55,45,1.745329252,45.70557953,-1.569389627,51,-1.255371926,28.28427125,-0.959931089,33.10589071,-0.611160085,55.57877293,-0.318974504,55.90169944,0.005320575,45.17742799,0.308914076,34.6554469,0.631270569,NaN,NaN,54.45181356,1.26735263,25.49509757,1.593658961
55,45,1.919862177,47.75981575,-1.578246687,25,-1.276361068,35.22782991,-0.952815184,31.04834939,-0.609668242,55.03635162,-0.312718229,58.52349955,-0.000294847,40.60788101,0.314137142,26.62705391,0.623311583,56.04462508,0.950783626,54.03702434,1.258750592,15.8113883,1.543481031
55,45,2.094395102,51.97114584,-1.570475755,29.73213749,-1.261413836,32.69556545,-0.932506605,55.32630477,-0.632259991,56.29387178,-0.308783375,46.14108798,-0.001764496,33.30165161,0.3255427,NaN,NaN,54.33231083,0.93654033,21.58703314,1.280940732,17,1.537154877
55,45,2.268928028,25.61249695,-1.594187085,35.51056181,-1.262701094,30.8058436,-0.927363634,55.14526272,-0.625532247,59.23681288,-0.317625324,38.28837944,0.013327425,27.45906044,0.294762689,55.54277631,0.636419365,54.14794548,0.946603664,16.15549442,1.253171003,19.20937271,1.547405568
55,45,2.443460953,30.47950131,-1.588408216,32.31098884,-1.253171003,55.14526272,-0.94526408,56.75385449,-0.623412485,46.32493929,-0.302624162,32.64965543,-0.000528124,NaN,NaN,54.14794548,0.624192663,18.68154169,0.969078551,17.49285568,1.238551201,57.48912941,1.569735438
55,45,2.617993878,34.4818793,-1.562746559,30.59411708,-1.244593111,55.32630477,-0.938536335,60.00833275,-0.635741308,36.79673899,-0.300241978,29.15475947,-0.016820725,55.10898293,0.322644512,54.33231083,0.634255997,16.55294536,0.960225935,19.84943324,1.237689474,45.27692569,1.561551215
55,45,2.792526803,31.95309062,-1.57317527,55.03635162,-1.258078097,57.28001397,-0.938634691,43.829214,-0.614742812,25,-0.294435258,NaN,NaN,54.03702434,0.312045735,16.76305461,0.651950719,18.02775638,0.937068454,55.6057551,1.261973572,46.81879964,1.571091174
55,45,2.967059728,30.41381265,-1.561412079,55.57877293,-1.251821823,44.72135955,-0.932615793,36.06937759,-0.630470569,NaN,NaN,54.74486277,0.009384248,32.38826948,0.329529667,16.55294536,0.611160085,20.51828453,0.925461988,47.88527958,1.244315865,NaN,NaN
55,45,3.141592654,55,-1.570796327,57.87054518,-1.254510199,42.20189569,-0.936773607,25,-0.643501109,NaN,NaN,54,0,15.8113883,0.321750554,18.60107524,0.632748835,54.40588203,0.94200004,NaN,NaN,NaN,NaN
55,50,3.141592654,50,-1.570796327,52.49761899,-1.261093382,42.20189569,-0.936773607,30.8058436,-0.624023053,NaN,NaN,54,0,30.6757233,0.332059468,18.60107524,0.632748835,25,0.927295218,51.54609588,1.255180665,NaN,NaN
54,50,3.141592654,50,-1.570796327,52.49761899,-1.261093382,40.80441153,-0.94200004,29.41088234,-0.616296937,NaN,NaN,53,0,30.6757233,0.332059468,17.20465053,0.620249486,23.60084744,0.935769591,51.54609588,1.255180665,NaN,NaN
53,50,3.141592654,50,-1.570796327,52.49761899,-1.261093382,38.60051813,-0.932476519,28.01785145,-0.607801996,NaN,NaN,52,0,30.6757233,0.332059468,16.40121947,0.655695626,21.40093456,0.917949696,51.54609588,1.255180665,NaN,NaN
52,50,3.141592654,50,-1.570796327,52.49761899,-1.261093382,37.20215048,-0.938047492,27.20294102,-0.628796286,NaN,NaN,51,0,30.6757233,0.332059468,16.40121947,0.655695626,20,0.927295218,51.54609588,1.255180665,NaN,NaN
51,50,3.141592654,50,-1.570796327,52.49761899,-1.261093382,35,-0.927295218,25.8069758,-0.620249486,NaN,NaN,50,0,30.6757233,0.332059468,16.40121947,0.655695626,18.60107524,0.938047492,51.54609588,1.255180665,NaN,NaN
50,50,3.141592654,50,-1.570796327,52.49761899,-1.261093382,33.60059523,-0.933247529,24.41311123,-0.610725964,NaN,NaN,49,0,30.6757233,0.332059468,16.40121947,0.655695626,16.40121947,0.915100701,51.54609588,1.255180665,NaN,NaN
49,50,3.141592654,50,-1.570796327,52.49761899,-1.261093382,32.20248438,-0.939716939,17.20465053,-0.620249486,NaN,NaN,48,0,30.6757233,0.332059468,16.40121947,0.655695626,15,0.927295218,51.54609588,1.255180665,NaN,NaN
48,50,3.141592654,50,-1.570796327,52.49761899,-1.261093382,30,-0.927295218,16.40121947,-0.655695626,NaN,NaN,47,0,49.33558553,0.308930744,16.40121947,0.655695626,12.80624847,0.896055385,50.59644256,1.249045772,NaN,NaN
47,50,3.141592654,50,-1.570796327,37,-1.240498972,28.60069929,-0.934288111,16.40121947,-0.655695626,NaN,NaN,46,0,48.38388161,0.3152147,16.40121947,0.655695626,12.20655562,0.960070362,21.1896201,1.234121507,NaN,NaN
46,50,3.141592654,50,-1.570796327,36.68787266,-1.266285444,27.20294102,-0.94200004,16.40121947,-0.655695626,NaN,NaN,45,0,47.12748667,0.301619046,16.40121947,0.655695626,12.20655562,0.960070362,18.02775638,1.231503712,NaN,NaN
45,50,3.141592654,50,-1.570796327,36.68787266,-1.266285444,25,-0.927295218,16.40121947,-0.655695626,NaN,NaN,44,0,46.17358552,0.308052781,16.40121947,0.655695626,12.20655562,0.960070362,14.86606875,1.227772386,NaN,NaN
44,50,3.141592654,50,-1.570796327,36.68787266,-1.266285444,23.60084744,-0.935769591,16.40121947,-0.655695626,NaN,NaN,43,0,45.22167622,0.314757661,16.40121947,0.655695626,12.20655562,0.960070362,11.70469991,1.222025323,NaN,NaN
43,50,3.141592654,50,-1.570796327,36.68787266,-1.266285444,12.80624847,-0.896055385,16.40121947,-0.655695626,NaN,NaN,42,0,44.27188724,0.321750554,16.40121947,0.655695626,12.20655562,0.960070362,10.44030651,1.279339532,NaN,NaN
42,50,3.141592654,50,-1.570796327,36.68787266,-1.266285444,12.20655562,-0.960070362,50.80354318,-0.631690634,NaN,NaN,41,0,43.01162634,0.307045732,16.40121947,0.655695626,12.20655562,0.960070362,10.44030651,1.279339532,NaN,NaN
41,50,3.141592654,50,-1.570796327,33.83784863,-1.23970025,12.20655562,-0.960070362,49.40647731,-0.627308192,NaN,NaN,40,0,42.05948169,0.314231899,16.40121947,0.655695626,12.20655562,0.960070362,10.44030651,1.279339532,NaN,NaN
40,50,3.141592654,50,-1.570796327,30.6757233,-1.238736859,12.20655562,-0.960070362,48.01041554,-0.622670789,NaN,NaN,39,0,41.10960958,0.321750554,16.40121947,0.655695626,12.20655562,0.960070362,10.44030651,1.279339532,10,1.570796327
39,50,3.141592654,50,-1.570796327,27.51363298,-1.237552026,12.20655562,-0.960070362,46.61544808,-0.617755726,NaN,NaN,38,0,39.84971769,0.305878871,16.40121947,0.655695626,12.20655562,0.960070362,10.44030651,1.279339532,10,1.570796327
38,50,3.141592654,50,-1.570796327,10.44030651,-1.279339532,12.20655562,-0.960070362,45.80392996,-0.630401421,NaN,NaN,37,0,38.89730068,0.313620652,16.40121947,0.655695626,12.20655562,0.960070362,10.44030651,1.279339532,10,1.570796327
37,50,3.141592654,50,-1.570796327,10.44030651,-1.279339532,12.20655562,-0.960070362,44.40720662,-0.62548504,NaN,NaN,36,0,37.94733192,0.321750554,16.40121947,0.655695626,12.20655562,0.960070362,10.44030651,1.279339532,10,1.570796327
36,50,3.141592654,50,-1.570796327,10.44030651,-1.279339532,59.40538696,-0.940762417,43.60045871,-0.638913985,NaN,NaN,35,0,36.68787266,0.304510883,16.40121947,0.655695626,12.20655562,0.960070362,10.44030651,1.279339532,10,1.570796327
35,50,3.141592654,10,-1.570796327,10.44030651,-1.279339532,57.20139858,-0.934288111,NaN,NaN,NaN,NaN,34,0,35.73513677,0.312901228,16.40121947,0.655695626,12.20655562,0.960070362,10.44030651,1.279339532,10,1.570796327
34,50,3.141592654,10,-1.570796327,10.44030651,-1.279339532,55.80322571,-0.938047492,NaN,NaN,NaN,NaN,33,0,34.78505426,0.321750554,16.40121947,0.655695626,12.20655562,0.960070362,10.44030651,1.279339532,10,1.570796327
33,50,3.141592654,10,-1.570796327,10.44030651,-1.279339532,54.40588203,-0.94200004,NaN,NaN,33.52610923,-0.302884868,32,0,33.52610923,0.302884868,16.40121947,0.655695626,12.20655562,0.960070362,10.44030651,1.279339532,10,1.570796327
32,50,3.141592654,10,-1.570796327,52.49761899,-1.261093382,52.20153254,-0.934957903,NaN,NaN,32.57299495,-0.312042122,31,0,32.57299495,0.312042122,38.01315562,0.617191392,12.20655562,0.960070362,10.44030651,1.279339532,10,1.570796327
31,50,3.141592654,10,-1.570796327,52.49761899,-1.261093382,50.80354318,-0.939105692,NaN,NaN,31.6227766,-0.321750554,30,0,31.6227766,0.321750554,37.20215048,0.632748835,12.20655562,0.960070362,10.44030651,1.279339532,10,1.570796327
30,50,3.141592654,10,-1.570796327,52.49761899,-1.261093382,48.60041152,-0.931410421,NaN,NaN,30.3644529,-0.300920234,29,0,30.3644529,0.300920234,35.80502758,0.626742901,12.20655562,0.960070362,10.44030651,1.279339532,10,1.570796327
29,50,3.141592654,50,-1.570796327,52.49761899,-1.261093382,47.20169488,-0.935769591,NaN,NaN,29.41088234,-0.310998281,28,0,29.41088234,0.310998281,34.40930107,0.620249486,12.20655562,0.960070362,10.44030651,1.279339532,10,1.570796327
28,50,3.141592654,50,-1.570796327,52.49761899,-1.261093382,45.80392996,-0.940394905,NaN,NaN,28.46049894,-0.321750554,27,0,28.46049894,0.321750554,33.01514804,0.613207349,12.20655562,0.960070362,10.44030651,1.279339532,10,1.570796327
27,50,3.141592654,50,-1.570796327,52.49761899,-1.261093382,43.60045871,-0.931882342,NaN,NaN,27.20294102,-0.298498932,26,0,27.20294102,0.298498932,32.20248438,0.631079387,12.20655562,0.960070362,10.44030651,1.279339532,10,1.570796327
26,50,3.141592654,50,-1.570796327,52.49761899,-1.261093382,42.20189569,-0.936773607,NaN,NaN,26.2488095,-0.309702945,25,0,26.2488095,0.309702945,30.8058436,0.624023053,42.20189569,0.936773607,10.44030651,1.279339532,10,1.570796327
25,50,3.141592654,50,-1.570796327,52.49761899,-1.261093382,40.80441153,-0.94200004,NaN,NaN,25.29822128,-0.321750554,24,0,25.29822128,0.321750554,29.41088234,0.616296937,40.80441153,0.94200004,10.44030651,1.279339532,10,1.570796327
24,50,3.141592654,50,-1.570796327,52.49761899,-1.261093382,38.60051813,-0.932476519,NaN,NaN,24.04163056,-0.295440837,23,0,24.04163056,0.295440837,28.01785145,0.607801996,38.60051813,0.932476519,10.44030651,1.279339532,10,1.570796327
23,50,3.141592654,50,-1.570796327,52.49761899,-1.261093382,37.20215048,-0.938047492,NaN,NaN,23.08679276,-0.308052781,22,0,23.08679276,0.308052781,27.20294102,0.628796286,37.20215048,0.938047492,10.44030651,1.279339532,10,1.570796327
22,50,3.141592654,50,-1.570796327,52.49761899,-1.261093382,35,-0.927295218,NaN,NaN,22.13594362,-0.321750554,21,0,22.13594362,0.321750554,25.8069758,0.620249486,35,0.927295218,51.54609588,1.255180665,10,1.570796327
21,50,3.141592654,50,-1.570796327,52.49761899,-1.261093382,33.60059523,-0.933247529,NaN,NaN,20.88061302,-0.291456794,20,0,20.88061302,0.291456794,24.41311123,0.610725964,33.60059523,0.933247529,51.54609588,1.255180665,10,1.570796327
20,50,3.141592654,50,-1.570796327,52.49761899,-1.261093382,32.20248438,-0.939716939,NaN,NaN,19.92485885,-0.305878871,19,0,19.92485885,0.305878871,23.60084744,0.635026735,32.20248438,0.939716939,51.54609588,1.255180665,10,1.570796327
19,50,3.141592654,50,-1.570796327,52.49761899,-1.261093382,NaN,NaN,NaN,NaN,18.97366596,-0.321750554,18,0,18.97366596,0.321750554,22.20360331,0.62548504,30,0.927295218,51.54609588,1.255180665,49,1.570796327
18,50,3.141592654,50,-1.570796327,52.49761899,-1.261093382,NaN,NaN,NaN,NaN,17.72004515,-0.286051442,17,0,17.72004515,0.286051442,20.80865205,0.614662952,28.60069929,0.934288111,51.54609588,1.255180665,49,1.570796327
17,50,3.141592654,50,-1.570796327,50.59644256,-1.249045772,NaN,NaN,NaN,NaN,16.76305461,-0.302884868,16,0,16.76305461,0.302884868,19.41648784,0.602287346,27.20294102,0.94200004,50.59644256,1.249045772,49,1.570796327
16,50,3.141592654,50,-1.570796327,47.4341649,-1.249045772,NaN,NaN,NaN,NaN,15.8113883,-0.321750554,15,0,15.8113883,0.321750554,18.60107524,0.632748835,25,0.927295218,47.4341649,1.249045772,49,1.570796327
15,50,3.141592654,50,-1.570796327,44.27188724,-1.249045772,NaN,NaN,17.20465053,-0.620249486,14.56021978,-0.278299659,14,0,14.56021978,0.278299659,17.20465053,0.620249486,23.60084744,0.935769591,44.27188724,1.249045772,49,1.570796327
15,50,3.141592654,50,-1.570796327,44.27188724,-1.249045772,NaN,NaN,17.20465053,-0.620249486,14.56021978,-0.278299659,14,0,14.56021978,0.278299659,17.20465053,0.620249486,23.60084744,0.935769591,44.27188724,1.249045772,49,1.570796327
15,50,2.967059728,50.80354318,-1.57435634,50.48762225,-1.25716746,31.30495168,-0.932615793,NaN,NaN,15.65247584,-0.289114684,14.14213562,0.032635871,14.14213562,0.31642998,15.65247584,0.638180534,19.10497317,0.922910973,29.52964612,1.251387883,49.81967483,1.563680422
15,50,2.792526803,53.14132102,-1.567286057,50.03998401,-1.261709164,49.04079934,-0.932226804,NaN,NaN,NaN,NaN,14.86606875,0.00604191,14,0.34906585,14.56021978,0.627365509,16.64331698,0.92040333,22.02271555,1.230937789,39.56008089,1.558132936
15,50,2.617993878,29.15475947,-1.587617051,51.19570294,-1.263747856,50.24937811,-0.947528899,33.10589071,-0.610570391,NaN,NaN,16.1245155,0.004452661,14.31782106,0.312505442,14.03566885,0.59490624,15.23154621,0.928490562,18.43908891,1.232225048,27.78488798,1.566320654
15,50,2.443460953,22.6715681,-1.595643979,53.85164807,-1.253171003,50.08991915,-0.932592781,51.41984053,-0.637119645,NaN,NaN,NaN,NaN,15.23154621,0.293239915,14.03566885,0.626824236,14.31782106,0.909225034,16.64331698,1.269469181,21.26029163,1.550098028
15,50,2.268928028,19.20937271,-1.594187085,27.45906044,-1.276033638,51.41984053,-0.933676682,50.08991915,-0.638203546,36.76955262,-0.307524657,NaN,NaN,16.64331698,0.301327146,14.31782106,0.661571293,14.03566885,0.943972091,15.23154621,1.277556412,17.80449381,1.538633863
15,50,2.094395102,19.72308292,-1.562671035,21.9317122,-1.276750057,36.24913792,-0.950226269,50.24937811,-0.623267428,51.19570294,-0.307048471,NaN,NaN,NaN,NaN,15.23154621,0.642305765,14.03566885,0.975890086,14.31782106,1.258290884,16.1245155,1.566343665
15,50,1.919862177,63.90618123,-1.568417383,18.60107524,-1.287113342,26.62705391,-0.947484744,51.92301994,-0.622074553,50.03998401,-0.309087163,39.56008089,0.012663391,NaN,NaN,16.64331698,0.650392997,14.56021978,0.943430817,14,1.221730476,14.86606875,1.564754417
15,50,1.745329252,60.8276253,-1.580180575,20.59126028,-1.238230748,21.21320344,-0.959931089,33.54101966,-0.638180534,50.48762225,-0.313628867,50.80354318,0.003560013,29.52964612,0.319408444,NaN,NaN,15.65247584,0.932615793,14.14213562,1.254366347,14.14213562,1.538160456
15,50,1.570796327,75,-1.570796327,62.93647591,-1.264120007,18.60107524,-0.938047492,25,-0.643501109,52.49761899,-0.309702945,50,0,44.27188724,0.321750554,NaN,NaN,17.20465053,0.950546841,14.56021978,1.292496668,14,1.570796327
15,50,1.570796327,75,-1.570796327,62.93647591,-1.264120007,18.60107524,-0.938047492,25,-0.643501109,52.49761899,-0.309702945,50,0,44.27188724,0.321750554,NaN,NaN,17.20465053,0.950546841,14.56021978,1.292496668,14,1.570796327
15,51,1.570796327,85,-1.570796327,62.93647591,-1.264120007,18.60107524,-0.938047492,25,-0.643501109,51.54609588,-0.315615662,49,0,44.27188724,0.321750554,NaN,NaN,NaN,NaN,14.56021978,1.292496668,14,1.570796327
15,52,1.570796327,85,-1.570796327,62.93647591,-1.264120007,18.60107524,-0.938047492,25,-0.643501109,50.28916384,-0.302884868,48,0,44.27188724,0.321750554,NaN,NaN,NaN,NaN,14.56021978,1.292496668,14,1.570796327
15,53,1.570796327,85,-1.570796327,21.1896201,-1.234121507,18.60107524,-0.938047492,25,-0.643501109,49.33558553,-0.308930744,47,0,44.27188724,0.321750554,NaN,NaN,NaN,NaN,14.56021978,1.292496668,14,1.570796327
15,54,1.570796327,85,-1.570796327,18.02775638,-1.231503712,18.60107524,-0.938047492,25,-0.643501109,48.38388161,-0.3152147,46,0,44.27188724,0.321750554,NaN,NaN,NaN,NaN,14.56021978,1.292496668,14,1.570796327
15,55,1.570796327,85,-1.570796327,15.8113883,-1.249045772,18.60107524,-0.938047492,25,-0.643501109,47.12748667,-0.301619046,45,0,44.27188724,0.321750554,NaN,NaN,NaN,NaN,14.56021978,1.292496668,14,1.570796327
15,56,1.570796327,85,-1.570796327,15.8113883,-1.249045772,18.60107524,-0.938047492,25,-0.643501109,46.17358552,-0.308052781,44,0,44.27188724,0.321750554,24.41311123,0.610725964,NaN,NaN,14.56021978,1.292496668,14,1.570796327
15,57,1.570796327,85,-1.570796327,15.8113883,-1.249045772,18.60107524,-0.938047492,25,-0.643501109,45.22167622,-0.314757661,43,0,44.27188724,0.321750554,23.60084744,0.635026735,NaN,NaN,NaN,NaN,14,1.570796327
15,58,1.570796327,85,-1.570796327,15.8113883,-1.249045772,18.60107524,-0.938047492,25,-0.643501109,44.27188724,-0.321750554,42,0,44.27188724,0.321750554,23.60084744,0.635026735,NaN,NaN,NaN,NaN,14,1.570796327
15,59,1.570796327,85,-1.570796327,15.8113883,-1.249045772,18.60107524,-0.938047492,25,-0.643501109,43.01162634,-0.307045732,41,0,43.01162634,0.307045732,23.60084744,0.635026735,NaN,NaN,NaN,NaN,14,1.570796327
15,60,1.570796327,15,-1.570796327,15.8113883,-1.249045772,18.60107524,-0.938047492,25,-0.643501109,42.05948169,-0.314231899,40,0,42.05948169,0.314231899,23.60084744,0.635026735,NaN,NaN,NaN,NaN,14,1.570796327
15,61,1.570796327,15,-1.570796327,15.8113883,-1.249045772,18.60107524,-0.938047492,25,-0.643501109,41.10960958,-0.321750554,39,0,41.10960958,0.321750554,23.60084744,0.635026735,NaN,NaN,NaN,NaN,NaN,NaN
15,62,1.570796327,15,-1.570796327,15.8113883,-1.249045772,18.60107524,-0.938047492,25,-0.643501109,39.84971769,-0.305878871,38,0,39.84971769,0.305878871,23.60084744,0.635026735,NaN,NaN,NaN,NaN,NaN,NaN
15,63,1.570796327,15,-1.570796327,15.8113883,-1.249045772,18.60107524,-0.938047492,25,-0.643501109,38.89730068,-0.313620652,37,0,38.89730068,0.313620652,23.60084744,0.635026735,NaN,NaN,NaN,NaN,NaN,NaN
15,64,1.570796327,15,-1.570796327,15.8113883,-1.249045772,18.60107524,-0.938047492,25,-0.643501109,37.94733192,-0.321750554,36,0,37.94733192,0.321750554,23.60084744,0.635026735,NaN,NaN,NaN,NaN,NaN,NaN
15,65,1.570796327,15,-1.570796327,15.8113883,-1.249045772,18.60107524,-0.938047492,25,-0.643501109,36.68787266,-0.304510883,35,0,36.68787266,0.304510883,23.60084744,0.635026735,NaN,NaN,NaN,NaN,NaN,NaN
15,66,1.570796327,15,-1.570796327,15.8113883,-1.249045772,18.60107524,-0.938047492,41.61730409,-0.614662952,35.73513677,-0.312901228,34,0,35.73513677,0.312901228,23.60084744,0.635026735,17.20465053,0.950546841,NaN,NaN,NaN,NaN
15,67,1.570796327,15,-1.570796327,15.8113883,-1.249045772,18.60107524,-0.938047492,40.80441153,-0.628796286,34.78505426,-0.321750554,33,0,34.78505426,0.321750554,23.60084744,0.635026735,17.20465053,0.950546841,NaN,NaN,NaN,NaN
15,68,1.570796327,15,-1.570796327,15.8113883,-1.249045772,18.60107524,-0.938047492,39.40812099,-0.62319933,33.52610923,-0.302884868,32,0,33.52610923,0.302884868,23.60084744,0.635026735,17.20465053,0.950546841,NaN,NaN,NaN,NaN
15,69,1.570796327,15,-1.570796327,15.8113883,-1.249045772,18.60107524,-0.938047492,38.01315562,-0.617191392,32.57299495,-0.312042122,31,0,32.57299495,0.312042122,23.60084744,0.635026735,17.20465053,0.950546841,NaN,NaN,NaN,NaN
15,70,1.570796327,15,-1.570796327,15.8113883,-1.249045772,18.60107524,-0.938047492,37.20215048,-0.632748835,31.6227766,-0.321750554,30,0,31.6227766,0.321750554,23.60084744,0.635026735,17.20465053,0.950546841,NaN,NaN,NaN,NaN
15,71,1.570796327,15,-1.570796327,15.8113883,-1.249045772,18.60107524,-0.938047492,35.80502758,-0.626742901,30.3644529,-0.300920234,29,0,30.3644529,0.300920234,23.60084744,0.635026735,17.20465053,0.950546841,14.86606875,1.227772386,NaN,NaN
15,72,1.570796327,15,-1.570796327,15.8113883,-1.249045772,18.60107524,-0.938047492,34.40930107,-0.620249486,29.41088234,-0.310998281,28,0,29.41088234,0.310998281,23.60084744,0.635026735,17.20465053,0.950546841,14.56021978,1.292496668,NaN,NaN
15,73,1.570796327,15,-1.570796327,15.8113883,-1.249045772,18.60107524,-0.938047492,33.01514804,-0.613207349,28.46049894,-0.321750554,27,0,28.46049894,0.321750554,23.60084744,0.635026735,17.20465053,0.950546841,14.56021978,1.292496668,NaN,NaN
15,74,1.570796327,15,-1.570796327,15.8113883,-1.249045772,18.60107524,-0.938047492,32.20248438,-0.631079387,27.20294102,-0.298498932,26,0,27.20294102,0.298498932,23.60084744,0.635026735,17.20465053,0.950546841,14.56021978,1.292496668,NaN,NaN
15,75,1.570796327,15,-1.570796327,15.8113883,-1.249045772,42.20189569,-0.936773607,30.8058436,-0.624023053,26.2488095,-0.309702945,25,0,26.2488095,0.309702945,23.60084744,0.635026735,17.20465053,0.950546841,14.56021978,1.292496668,NaN,NaN
15,76,1.570796327,15,-1.570796327,15.8113883,-1.249045772,40.80441153,-0.94200004,29.41088234,-0.616296937,25.29822128,-0.321750554,24,0,25.29822128,0.321750554,23.60084744,0.635026735,17.20465053,0.950546841,14.56021978,1.292496668,14,1.570796327
15,77,1.570796327,15,-1.570796327,15.8113883,-1.249045772,38.60051813,-0.932476519,28.01785145,-0.607801996,24.04163056,-0.295440837,23,0,24.04163056,0.295440837,23.60084744,0.635026735,17.20465053,0.950546841,14.56021978,1.292496668,14,1.570796327
15,78,1.570796327,15,-1.570796327,15.8113883,-1.249045772,37.20215048,-0.938047492,27.20294102,-0.628796286,23.08679276,-0.308052781,22,0,23.08679276,0.308052781,23.60084744,0.635026735,17.20465053,0.950546841,14.56021978,1.292496668,14,1.570796327
15,79,1.570796327,15,-1.570796327,15.8113883,-1.249045772,35,-0.927295218,25.8069758,-0.620249486,22.13594362,-0.321750554,21,0,22.13594362,0.321750554,23.60084744,0.635026735,17.20465053,0.950546841,14.56021978,1.292496668,14,1.570796327
15,80,1.570796327,15,-1.570796327,15.8113883,-1.249045772,33.60059523,-0.933247529,24.41311123,-0.610725964,20.88061302,-0.291456794,20,0,20.88061302,0.291456794,23.60084744,0.635026735,17.20465053,0.950546841,14.56021978,1.292496668,14,1.570796327
15,81,1.570796327,15,-1.570796327,NaN,NaN,32.20248438,-0.939716939,23.60084744,-0.635026735,19.92485885,-0.305878871,19,0,19.92485885,0.305878871,23.60084744,0.635026735,17.20465053,0.950546841,14.56021978,1.292496668,14,1.570796327
15,82,1.570796327,15,-1.570796327,56.92099788,-1.249045772,30,-0.927295218,22.20360331,-0.62548504,18.97366596,-0.321750554,18,0,18.97366596,0.321750554,22.20360331,0.62548504,17.20465053,0.950546841,14.56021978,1.292496668,14,1.570796327
15,83,1.570796327,15,-1.570796327,53.75872022,-1.249045772,28.60069929,-0.934288111,20.80865205,-0.614662952,17.72004515,-0.286051442,17,0,17.72004515,0.286051442,20.80865205,0.614662952,17.20465053,0.950546841,14.56021978,1.292496668,14,1.570796327
15,84,1.570796327,15,-1.570796327,50.59644256,-1.249045772,27.20294102,-0.94200004,19.41648784,-0.602287346,16.76305461,-0.302884868,16,0,16.76305461,0.302884868,19.41648784,0.602287346,17.20465053,0.950546841,14.56021978,1.292496668,14,1.570796327
15,85,1.570796327,15,-1.570796327,47.4341649,-1.249045772,25,-0.927295218,18.60107524,-0.632748835,15.8113883,-0.321750554,15,0,15.8113883,0.321750554,18.60107524,0.632748835,17.20465053,0.950546841,14.56021978,1.292496668,14,1.570796327
15,86,1.570796327,85,-1.570796327,44.27188724,-1.249045772,23.60084744,-0.935769591,17.20465053,-0.620249486,14.56021978,-0.278299659,14,0,14.56021978,0.278299659,17.20465053,0.620249486,17.20465053,0.950546841,14.56021978,1.292496668,14,1.570796327
15,87,1.570796327,85,-1.570796327,41.10960958,-1.249045772,21.40093456,-0.917949696,15.8113883,-0.605544664,13.60147051,-0.298498932,13,0,13.60147051,0.298498932,15.8113883,0.605544664,17.20465053,0.950546841,14.56021978,1.292496668,14,1.570796327
15,88,1.570796327,85,-1.570796327,37,-1.240498972,20,-0.927295218,14.4222051,-0.588002604,12.64911064,-0.321750554,12,0,12.64911064,0.321750554,14.4222051,0.588002604,17.20465053,0.950546841,14.56021978,1.292496668,14,1.570796327
15,89,1.570796327,85,-1.570796327,33.83784863,-1.23970025,18.60107524,-0.938047492,13.60147051,-0.628796286,11.40175425,-0.266252049,11,0,11.40175425,0.266252049,13.60147051,0.628796286,17.20465053,0.950546841,14.56021978,1.292496668,14,1.570796327
15,90,1.570796327,85,-1.570796327,30.6757233,-1.238736859,16.40121947,-0.915100701,12.20655562,-0.610725964,10.44030651,-0.291456794,10,0,10.44030651,0.291456794,12.20655562,0.610725964,16.40121947,0.915100701,14.56021978,1.292496668,14,1.570796327
15,91,1.570796327,85,-1.570796327,27.51363298,-1.237552026,15,-0.927295218,10.81665383,-0.588002604,9.486832981,-0.321750554,9,0,9.486832981,0.321750554,10.81665383,0.588002604,15,0.927295218,14.56021978,1.292496668,14,1.570796327
15,92,1.570796327,85,-1.570796327,24.35159132,-1.236059489,12.80624847,-0.896055385,10,-0.643501109,8.246211251,-0.244978663,8,0,8.246211251,0.244978663,10,0.643501109,12.80624847,0.896055385,14.56021978,1.292496668,14,1.570796327
15,93,1.570796327,85,-1.570796327,21.1896201,-1.234121507,11.40175425,-0.909753158,8.602325267,-0.620249486,7.280109889,-0.278299659,7,0,7.280109889,0.278299659,8.602325267,0.620249486,11.40175425,0.909753158,14.56021978,1.292496668,14,1.570796327
15,93,1.570796327,85,-1.570796327,21.1896201,-1.234121507,11.40175425,-0.909753158,8.602325267,-0.620249486,7.280109889,-0.278299659,7,0,7.280109889,0.278299659,8.602325267,0.620249486,11.40175425,0.909753158,14.56021978,1.292496668,14,1.570796327
15,93,1.396263402,86.31338251,-1.570935601,46.5295605,-1.245248059,14.76482306,-0.902322033,9.899494937,-0.610865238,8.062257748,-0.344613189,7.071067812,0.032635871,7.071067812,0.31642998,7.615773106,0.579424711,9.219544457,0.883159197,13.89244399,1.217254804,14.14213562,1.603432197
15,93,1.221730476,51.26402247,-1.580501147,85.0529247,-1.25700995,24.04163056,-0.926289639,12.20655562,-0.611004512,8.602325267,-0.271183636,7.280109889,0.070766191,7,0.34906585,7.280109889,0.627365509,8.062257748,0.868211965,10.63014581,1.201032178,14.86606875,1.576838237
15,93,1.047197551,17,-1.537154877,86.88498144,-1.255879314,70.34912935,-0.947528899,16.55294536,-0.610570391,9.899494937,-0.261799388,8.062257748,0.004452661,7.071067812,0.381701721,7.071067812,0.66549583,7.615773106,0.928490562,9.219544457,1.232225048,13.03840481,1.527665885
15,93,0.872664626,19.20937271,-1.547405568,20.61552813,-1.271187072,85.21150157,-0.943135971,26.92582404,-0.609669894,13.03840481,-0.305935408,9.219544457,-0.010494571,7.615773106,0.293239915,7,0.698131701,7.280109889,0.97643136,8.062257748,1.217277815,10.63014581,1.550098028
15,93,0.698131701,22.6715681,-1.545948674,17.49285568,-1.238551201,87.55569656,-0.940340288,85.21150157,-0.627660356,17.4642492,-0.285721259,10.63014581,0.020698299,8.062257748,0.353518512,7.280109889,0.594364967,7,0.872664626,7.615773106,1.277556412,9.219544457,1.581290898
15,93,0.523598776,29.15475947,-1.553975602,19.84943324,-1.237689474,18.78829423,-0.963441358,85.47514259,-0.629088084,31.78049716,-0.301516874,13.03840481,0.043130442,9.219544457,0.338571279,7.615773106,0.642305765,7.071067812,0.905300497,7.071067812,1.189094606,8.062257748,1.566343665
15,93,0.34906585,56.30275304,-1.575643494,24.20743687,-1.251572758,18.02775638,-0.937068454,88.32326987,-0.6242551,85.0529247,-0.313786377,19.31320792,0.021825438,10.63014581,0.369764149,8.062257748,0.702584362,7.280109889,0.943430817,7,1.221730476,7.280109889,1.500030135
15,93,0.174532925,53.75872022,-1.57712248,30.88689042,-1.238230748,20.51828453,-0.925461988,17.88854382,-0.638180534,85.84287973,-0.314782535,37.65634077,0.012446345,13.89244399,0.353541523,9.219544457,0.687637129,7.615773106,0.991371615,7.071067812,1.254366347,7.071067812,1.538160456
15,93,0,92,-1.570796327,55.6596802,-1.26040892,25,-0.927295218,18.60107524,-0.632748835,56.92099788,-0.321750554,85,0,21.1896201,0.336674819,11.40175425,0.661043169,8.602325267,0.950546841,7.280109889,1.292496668,7,1.570796327
15,93,0,92,-1.570796327,55.6596802,-1.26040892,25,-0.927295218,18.60107524,-0.632748835,56.92099788,-0.321750554,85,0,21.1896201,0.336674819,11.40175425,0.661043169,8.602325267,0.950546841,7.280109889,1.292496668,7,1.570796327
16,93,0,92,-1.570796327,55.6596802,-1.26040892,23.60084744,-0.935769591,17.20465053,-0.620249486,56.92099788,-0.321750554,84,0,21.1896201,0.336674819,11.40175425,0.661043169,8.602325267,0.950546841,7.280109889,1.292496668,7,1.570796327
17,93,0,92,-1.570796327,55.6596802,-1.26040892,21.40093456,-0.917949696,15.8113883,-0.605544664,56.92099788,-0.321750554,83,0,21.1896201,0.336674819,11.40175425,0.661043169,8.602325267,0.950546841,7.280109889,1.292496668,7,1.570796327
18,93,0,92,-1.570796327,55.6596802,-1.26040892,20,-0.927295218,14.4222051,-0.588002604,56.92099788,-0.321750554,82,0,21.1896201,0.336674819,11.40175425,0.661043169,8.602325267,0.950546841,7.280109889,1.292496668,7,1.570796327
19,93,0,92,-1.570796327,33.83784863,-1.23970025,18.60107524,-0.938047492,13.60147051,-0.628796286,56.92099788,-0.321750554,81,0,21.1896201,0.336674819,11.40175425,0.661043169,8.602325267,0.950546841,7.280109889,1.292496668,7,1.570796327
20,93,0,53,-1.570796327,30.6757233,-1.238736859,16.40121947,-0.915100701,12.80624847,-0.674740942,56.92099788,-0.321750554,80,0,21.1896201,0.336674819,11.40175425,0.661043169,8.602325267,0.950546841,7.280109889,1.292496668,7,1.570796327
21,93,0,53,-1.570796327,27.51363298,-1.237552026,15,-0.927295218,12.80624847,-0.674740942,56.92099788,-0.321750554,79,0,21.1896201,0.336674819,11.40175425,0.661043169,8.602325267,0.950546841,7.280109889,1.292496668,7,1.570796327
22,93,0,53,-1.570796327,24.35159132,-1.236059489,12.80624847,-0.896055385,12.80624847,-0.674740942,81.90848552,-0.310168061,78,0,21.1896201,0.336674819,11.40175425,0.661043169,8.602325267,0.950546841,7.280109889,1.292496668,7,1.570796327
23,93,0,53,-1.570796327,21.1896201,-1.234121507,11.40175425,-0.909753158,12.80624847,-0.674740942,80.95677859,-0.313938213,77,0,21.1896201,0.336674819,11.40175425,0.661043169,8.602325267,0.950546841,7.280109889,1.292496668,7,1.570796327
24,93,0,53,-1.570796327,18.02775638,-1.231503712,10,-0.927295218,12.80624847,-0.674740942,80.00624976,-0.317798006,76,0,21.1896201,0.336674819,11.40175425,0.661043169,8.602325267,0.950546841,7.280109889,1.292496668,7,1.570796327
25,93,0,53,-1.570796327,14.86606875,-1.227772386,10,-0.927295218,12.80624847,-0.674740942,78.74642849,-0.309702945,75,0,21.1896201,0.336674819,11.40175425,0.661043169,8.602325267,0.950546841,7.280109889,1.292496668,7,1.570796327
26,93,0,53,-1.570796327,11.70469991,-1.222025323,10,-0.927295218,91.60785992,-0.630401421,77.79460136,-0.313620652,74,0,21.1896201,0.336674819,11.40175425,0.661043169,8.602325267,0.950546841,7.280109889,1.292496668,7,1.570796327
27,93,0,53,-1.570796327,8.544003745,-1.212025657,10,-0.927295218,90.21086409,-0.627981291,76.84399781,-0.317635351,73,0,21.1896201,0.336674819,11.40175425,0.661043169,8.602325267,0.950546841,7.280109889,1.292496668,7,1.570796327
28,93,0,53,-1.570796327,8.246211251,-1.325817664,10,-0.927295218,88.81441324,-0.62548504,75.58438992,-0.309198912,72,0,21.1896201,0.336674819,11.40175425,0.661043169,8.602325267,0.950546841,7.280109889,1.292496668,7,1.570796327
29,93,0,53,-1.570796327,8.246211251,-1.325817664,10,-0.927295218,56.61271942,-0.622302871,74.63243263,-0.313276181,71,0,21.1896201,0.336674819,11.40175425,0.661043169,8.602325267,0.950546841,7.280109889,1.292496668,7,1.570796327
30,93,0,8,-1.570796327,8.246211251,-1.325817664,90.21086409,-0.942815036,55.21775077,-0.618144226,73.68174808,-0.317458735,70,0,21.1896201,0.336674819,11.40175425,0.661043169,8.602325267,0.950546841,7.280109889,1.292496668,7,1.570796327
31,93,0,8,-1.570796327,8.246211251,-1.325817664,90.21086409,-0.942815036,54.40588203,-0.628796286,72.42237223,-0.308650867,69,0,21.1896201,0.336674819,11.40175425,0.661043169,8.602325267,0.950546841,7.280109889,1.292496668,7,1.570796327
32,93,0,8,-1.570796327,8.246211251,-1.325817664,90.21086409,-0.942815036,53.00943312,-0.624635423,71.47027354,-0.312901228,68,0,21.1896201,0.336674819,11.40175425,0.661043169,8.602325267,0.950546841,7.280109889,1.292496668,7,1.570796327
33,93,0,8,-1.570796327,8.246211251,-1.325817664,113.8112472,-0.941354046,51.6139516,-0.620249486,70.51950085,-0.31726628,67,0,21.1896201,0.336674819,11.40175425,0.661043169,8.602325267,0.950546841,7.280109889,1.292496668,7,1.570796327
34,93,0,8,-1.570796327,96.76776323,-1.255581627,111.6064514,-0.938047492,50.80354318,-0.631690634,69.26037828,-0.308052781,66,0,21.1896201,0.336674819,11.40175425,0.661043169,8.602325267,0.950546841,7.280109889,1.292496668,7,1.570796327
35,93,0,8,-1.570796327,96.76776323,-1.255581627,110.2088926,-0.939998709,30.8058436,-0.624023053,68.30812543,-0.31249156,65,0,21.1896201,0.336674819,11.40175425,0.661043169,8.602325267,0.950546841,7.280109889,1.292496668,7,1.570796327
36,93,0,53,-1.570796327,96.76776323,-1.255581627,108.8117641,-0.94200004,30,-0.643501109,67.35725648,-0.317055753,64,0,21.1896201,0.336674819,11.40175425,0.661043169,8.602325267,0.950546841,7.280109889,1.292496668,7,1.570796327
37,93,0,53,-1.570796327,96.76776323,-1.255581627,106.606754,-0.938551778,30,-0.643501109,66.09841148,-0.307397473,63,0,21.1896201,0.336674819,11.40175425,0.661043169,8.602325267,0.950546841,7.280109889,1.292496668,7,1.570796327
38,93,0,53,-1.570796327,96.76776323,-1.255581627,105.2093152,-0.940602417,30,-0.643501109,65.1459899,-0.312042122,62,0,21.1896201,0.336674819,11.40175425,0.661043169,8.602325267,0.950546841,7.280109889,1.292496668,7,1.570796327
39,93,0,53,-1.570796327,96.76776323,-1.255581627,103.0048543,-0.937003651,30,-0.643501109,64.19501538,-0.316824486,61,0,21.1896201,0.336674819,11.40175425,0.661043169,8.602325267,0.950546841,7.280109889,1.292496668,7,1.570796327
40,93,0,53,-1.570796327,96.76776323,-1.255581627,101.6070864,-0.939105692,30,-0.643501109,62.93647591,-0.306676319,60,0,21.1896201,0.336674819,11.40175425,0.661043169,8.602325267,0.950546841,7.280109889,1.292496668,7,1.570796327
41,93,0,NaN,NaN,96.76776323,-1.255581627,100.20978,-0.941266365,30,-0.643501109,61.98386887,-0.311546827,59,0,21.1896201,0.336674819,11.40175425,0.661043169,8.602325267,0.950546841,7.280109889,1.292496668,7,1.570796327
42,93,0,NaN,NaN,96.76776323,-1.255581627,98.00510191,-0.937498945,30,-0.643501109,61.03277808,-0.316569254,58,0,21.1896201,0.336674819,11.40175425,0.661043169,8.602325267,0.950546841,7.280109889,1.292496668,7,1.570796327
43,93,0,NaN,NaN,96.76776323,-1.255581627,96.60745313,-0.939716939,30,-0.643501109,59.77457654,-0.305878871,57,0,21.1896201,0.336674819,11.40175425,0.661043169,8.602325267,0.950546841,7.280109889,1.292496668,7,1.570796327
44,93,0,NaN,NaN,96.76776323,-1.255581627,95.21029356,-0.94200004,30,-0.643501109,58.82176468,-0.310998281,56,0,21.1896201,0.336674819,11.40175425,0.661043169,8.602325267,0.950546841,7.280109889,1.292496668,7,1.570796327
45,93,0,NaN,NaN,80.00624976,-1.252998321,93.00537619,-0.938047492,30,-0.643501109,57.87054518,-0.316286128,55,0,21.1896201,0.336674819,11.40175425,0.661043169,8.602325267,0.950546841,7.280109889,1.292496668,7,1.570796327
46,93,0,NaN,NaN,76.84399781,-1.253160976,91.60785992,-0.940394905,30,-0.643501109,56.61271942,-0.304992347,54,0,21.1896201,0.336674819,11.40175425,0.661043169,8.602325267,0.950546841,7.280109889,1.292496668,7,1.570796327
47,93,0,NaN,NaN,76.84399781,-1.253160976,22.20360331,-0.945311287,30,-0.643501109,55.6596802,-0.310387407,53,0,21.1896201,0.336674819,11.40175425,0.661043169,8.602325267,0.950546841,7.280109889,1.292496668,7,1.570796327
48,93,0,NaN,NaN,76.84399781,-1.253160976,22.20360331,-0.945311287,30,-0.643501109,54.70831747,-0.315970272,52,0,21.1896201,0.336674819,11.40175425,0.661043169,8.602325267,0.950546841,7.280109889,1.292496668,7,1.570796327
49,93,0,NaN,NaN,76.84399781,-1.253160976,22.20360331,-0.945311287,30,-0.643501109,53.45091206,-0.304000939,51,0,21.1896201,0.336674819,11.40175425,0.661043169,8.602325267,0.950546841,7.280109889,1.292496668,7,1.570796327
50,93,0,NaN,NaN,76.84399781,-1.253160976,22.20360331,-0.945311287,30,-0.643501109,52.49761899,-0.309702945,50,0,21.1896201,0.336674819,11.40175425,0.661043169,8.602325267,0.950546841,7.280109889,1.292496668,7,1.570796327
50,93,0,NaN,NaN,76.84399781,-1.253160976,22.20360331,-0.945311287,30,-0.643501109,52.49761899,-0.309702945,50,0,21.1896201,0.336674819,11.40175425,0.661043169,8.602325267,0.950546841,7.280109889,1.292496668,7,1.570796327
50,93,-0.174532925,54.91812087,-1.579374219,92.91393867,-1.255888416,80.95677859,-0.949188861,24.75883681,-0.639428896,56.35601121,-0.304986367,50.80354318,-0.003560013,46.5295605,0.325548268,14.76482306,0.668474294,9.899494937,0.959931089,8.062257748,1.226183138,7.071067812,1.603432197
50,93,-0.34906585,56.30275304,-1.565949159,NaN,NaN,75.96051606,-0.941622501,21.63330765,-0.633727873,29.20616373,-0.314980312,53.14132102,0.00351027,50.03998401,0.309087163,NaN,NaN,12.20655562,0.959791815,8.602325267,1.299612691,7.280109889,1.641562518
50,93,-0.523598776,38.07886553,-1.569600983,54.12947441,-1.251839361,92.54188241,-0.93892696,79.7057087,-0.634068719,24.08318916,-0.320555211,57.80138407,-0.001985018,51.19570294,0.307048471,50.24937811,0.623267428,16.55294536,0.960225935,9.899494937,1.308996939,8.062257748,1.575248988
50,93,-0.698131701,30.47950131,-1.588408216,57.00877125,-1.249913686,NaN,NaN,80.52328856,-0.621661939,21.09502311,-0.324115224,27.65863337,-0.010494571,53.85164807,0.317625324,50.08991915,0.638203546,NaN,NaN,13.03840481,1.264860918,9.219544457,1.560301755
50,93,-0.872664626,25.61249695,-1.594187085,36.89173349,-1.271097844,54.5710546,-0.938665949,92.19544457,-0.633006537,78.54934755,-0.319989385,23.43074903,-0.003393425,58.83026432,0.317668899,51.41984053,0.637119645,50.08991915,0.932592781,17.4642492,1.285075068,10.63014581,1.591494626
50,93,-1.047197551,17,-1.604437776,29.73213749,-1.261413836,36.24913792,-0.950226269,92.54188241,-0.631869366,93.94147114,-0.31994025,20.59126028,-0.016500271,26.90724809,0.314382449,54.62600113,0.632690677,50.24937811,0.947528899,35.6931366,1.244593111,13.03840481,1.613926769
50,93,-1.221730476,NaN,NaN,25,-1.276361068,35.22782991,-0.952815184,55.08175742,-0.624871749,NaN,NaN,77.49193506,-0.006909965,22.8035085,0.311977318,60.46486583,0.624553818,51.92301994,0.948721773,50.03998401,1.261709164,19.31320792,1.592621765
50,93,-1.396263402,49.81967483,-1.563680422,17,-1.255371926,28.28427125,-0.959931089,36.67424164,-0.625986017,92.91393867,-0.314907911,93.38094024,-0.002342111,20.59126028,0.332565579,25.45584412,0.610865238,55.4616985,0.948743426,50.48762225,1.25716746,37.65634077,1.583242672
50,93,-1.570796327,49,-1.570796327,51.54609588,-1.255180665,24.41311123,-0.960070362,33.60059523,-0.637548798,55.6596802,-0.310387407,NaN,NaN,76.84399781,0.317635351,22.20360331,0.62548504,30,0.927295218,52.49761899,1.261093382,50,1.570796327
50,93,-1.570796327,49,-1.570796327,51.54609588,-1.255180665,24.41311123,-0.960070362,33.60059523,-0.637548798,55.6596802,-0.310387407,NaN,NaN,76.84399781,0.317635351,22.20360331,0.62548504,30,0.927295218,52.49761899,1.261093382,50,1.570796327
50,92,-1.570796327,49,-1.570796327,21.1896201,-1.234121507,24.41311123,-0.960070362,33.60059523,-0.637548798,54.70831747,-0.315970272,NaN,NaN,75.58438992,0.309198912,20.80865205,0.614662952,28.60069929,0.934288111,52.49761899,1.261093382,50,1.570796327
50,91,-1.570796327,49,-1.570796327,18.02775638,-1.231503712,24.41311123,-0.960070362,33.60059523,-0.637548798,53.45091206,-0.304000939,NaN,NaN,74.63243263,0.313276181,19.41648784,0.602287346,27.20294102,0.94200004,52.49761899,1.261093382,50,1.570796327
50,90,-1.570796327,49,-1.570796327,15.8113883,-1.249045772,24.41311123,-0.960070362,33.60059523,-0.637548798,52.49761899,-0.309702945,NaN,NaN,73.68174808,0.317458735,18.60107524,0.632748835,25,0.927295218,52.49761899,1.261093382,50,1.570796327
50,89,-1.570796327,49,-1.570796327,20.88061302,-1.279339532,24.41311123,-0.960070362,33.60059523,-0.637548798,51.54609588,-0.315615662,NaN,NaN,72.42237223,0.308650867,17.20465053,0.620249486,23.60084744,0.935769591,52.49761899,1.261093382,50,1.570796327
50,88,-1.570796327,49,-1.570796327,20.88061302,-1.279339532,24.41311123,-0.960070362,33.60059523,-0.637548798,50.28916384,-0.302884868,NaN,NaN,71.47027354,0.312901228,16.40121947,0.655695626,21.40093456,0.917949696,52.49761899,1.261093382,50,1.570796327
50,87,-1.570796327,49,-1.570796327,20.88061302,-1.279339532,24.41311123,-0.960070362,33.01514804,-0.613207349,49.33558553,-0.308930744,NaN,NaN,70.51950085,0.31726628,84.40379138,0.63402272,20,0.927295218,52.49761899,1.261093382,50,1.570796327
50,86,-1.570796327,49,-1.570796327,20.88061302,-1.279339532,24.41311123,-0.960070362,32.20248438,-0.631079387,48.38388161,-0.3152147,NaN,NaN,69.26037828,0.308052781,84.40379138,0.63402272,18.60107524,0.938047492,52.49761899,1.261093382,50,1.570796327
50,85,-1.570796327,15,-1.570796327,20.88061302,-1.279339532,24.41311123,-0.960070362,30.8058436,-0.624023053,47.12748667,-0.301619046,NaN,NaN,68.30812543,0.31249156,84.40379138,0.63402272,16.40121947,0.915100701,52.49761899,1.261093382,50,1.570796327
50,84,-1.570796327,20,-1.570796327,20.88061302,-1.279339532,24.41311123,-0.960070362,29.41088234,-0.616296937,46.17358552,-0.308052781,NaN,NaN,67.35725648,0.317055753,84.40379138,0.63402272,15,0.927295218,52.49761899,1.261093382,50,1.570796327
50,83,-1.570796327,20,-1.570796327,20.88061302,-1.279339532,24.41311123,-0.960070362,28.01785145,-0.607801996,45.22167622,-0.314757661,NaN,NaN,66.09841148,0.307397473,84.40379138,0.63402272,12.80624847,0.896055385,24.35159132,1.236059489,50,1.570796327
50,82,-1.570796327,20,-1.570796327,20.88061302,-1.279339532,24.41311123,-0.960070362,27.20294102,-0.628796286,44.27188724,-0.321750554,NaN,NaN,65.1459899,0.312042122,84.40379138,0.63402272,12.20655562,0.960070362,21.1896201,1.234121507,50,1.570796327
50,81,-1.570796327,20,-1.570796327,20.88061302,-1.279339532,24.41311123,-0.960070362,25.8069758,-0.620249486,43.01162634,-0.307045732,NaN,NaN,64.19501538,0.316824486,84.40379138,0.63402272,30.8058436,0.946773274,18.02775638,1.231503712,50,1.570796327
50,80,-1.570796327,20,-1.570796327,20.88061302,-1.279339532,24.41311123,-0.960070362,25,-0.643501109,42.05948169,-0.314231899,NaN,NaN,63.2455532,0.321750554,84.40379138,0.63402272,30.8058436,0.946773274,14.86606875,1.227772386,50,1.570796327
50,79,-1.570796327,20,-1.570796327,20.88061302,-1.279339532,24.41311123,-0.960070362,48.01041554,-0.622670789,41.10960958,-0.321750554,NaN,NaN,63.2455532,0.321750554,84.40379138,0.63402272,30.8058436,0.946773274,11.70469991,1.222025323,50,1.570796327
50,78,-1.570796327,20,-1.570796327,20.88061302,-1.279339532,24.41311123,-0.960070362,46.61544808,-0.617755726,39.84971769,-0.305878871,NaN,NaN,63.2455532,0.321750554,84.40379138,0.63402272,30.8058436,0.946773274,10.44030651,1.279339532,50,1.570796327
50,77,-1.570796327,20,-1.570796327,20.88061302,-1.279339532,24.41311123,-0.960070362,45.80392996,-0.630401421,38.89730068,-0.313620652,NaN,NaN,63.2455532,0.321750554,84.40379138,0.63402272,61.6116872,0.946773274,26.2488095,1.261093382,50,1.570796327
50,76,-1.570796327,20,-1.570796327,20.88061302,-1.279339532,24.41311123,-0.960070362,44.40720662,-0.62548504,37.94733192,-0.321750554,NaN,NaN,63.2455532,0.321750554,84.40379138,0.63402272,61.6116872,0.946773274,26.2488095,1.261093382,50,1.570796327
50,75,-1.570796327,20,-1.570796327,20.88061302,-1.279339532,24.41311123,-0.960070362,43.01162634,-0.620249486,36.68787266,-0.304510883,NaN,NaN,63.2455532,0.321750554,84.40379138,0.63402272,61.6116872,0.946773274,26.2488095,1.261093382,10,1.570796327
50,74,-1.570796327,20,-1.570796327,20.88061302,-1.279339532,23.60084744,-0.935769591,41.61730409,-0.614662952,35.73513677,-0.312901228,NaN,NaN,76.84399781,0.317635351,84.40379138,0.63402272,61.6116872,0.946773274,26.2488095,1.261093382,25,1.570796327
50,73,-1.570796327,20,-1.570796327,20.88061302,-1.279339532,21.40093456,-0.917949696,40.80441153,-0.628796286,34.78505426,-0.321750554,NaN,NaN,75.58438992,0.309198912,84.40379138,0.63402272,61.6116872,0.946773274,26.2488095,1.261093382,25,1.570796327
50,72,-1.570796327,20,-1.570796327,20.88061302,-1.279339532,20,-0.927295218,39.40812099,-0.62319933,33.52610923,-0.302884868,NaN,NaN,74.63243263,0.313276181,84.40379138,0.63402272,61.6116872,0.946773274,26.2488095,1.261093382,25,1.570796327
50,71,-1.570796327,20,-1.570796327,20.88061302,-1.279339532,18.60107524,-0.938047492,38.01315562,-0.617191392,32.57299495,-0.312042122,NaN,NaN,73.68174808,0.317458735,84.40379138,0.63402272,61.6116872,0.946773274,26.2488095,1.261093382,25,1.570796327
50,70,-1.570796327,20,-1.570796327,20.88061302,-1.279339532,60.21627687,-0.950546841,37.20215048,-0.632748835,31.6227766,-0.321750554,NaN,NaN,72.42237223,0.308650867,84.40379138,0.63402272,61.6116872,0.946773274,26.2488095,1.261093382,25,1.570796327
50,69,-1.570796327,20,-1.570796327,20.88061302,-1.279339532,60.21627687,-0.950546841,35.80502758,-0.626742901,30.6757233,-0.332059468,NaN,NaN,71.47027354,0.312901228,60.21627687,0.620249486,61.6116872,0.946773274,26.2488095,1.261093382,25,1.570796327
50,68,-1.570796327,20,-1.570796327,20.88061302,-1.279339532,60.21627687,-0.950546841,34.40930107,-0.620249486,30.6757233,-0.332059468,NaN,NaN,70.51950085,0.31726628,59.40538696,0.63003391,61.6116872,0.946773274,26.2488095,1.261093382,25,1.570796327
50,67,-1.570796327,20,-1.570796327,20.88061302,-1.279339532,60.21627687,-0.950546841,33.01514804,-0.613207349,30.6757233,-0.332059468,NaN,NaN,69.26037828,0.308052781,58.00862005,0.626261438,61.6116872,0.946773274,52.49761899,1.261093382,25,1.570796327
50,66,-1.570796327,20,-1.570796327,18.02775638,-1.231503712,60.21627687,-0.950546841,32.20248438,-0.631079387,30.6757233,-0.332059468,NaN,NaN,68.30812543,0.31249156,56.61271942,0.622302871,61.6116872,0.946773274,50.59644256,1.249045772,25,1.570796327
50,65,-1.570796327,20,-1.570796327,15.8113883,-1.249045772,60.21627687,-0.950546841,30.8058436,-0.624023053,30.6757233,-0.332059468,NaN,NaN,67.35725648,0.317055753,55.21775077,0.618144226,61.6116872,0.946773274,47.4341649,1.249045772,25,1.570796327
50,64,-1.570796327,20,-1.570796327,51.54609588,-1.255180665,60.21627687,-0.950546841,29.41088234,-0.616296937,30.6757233,-0.332059468,NaN,NaN,66.09841148,0.307397473,54.40588203,0.628796286,61.6116872,0.946773274,44.27188724,1.249045772,25,1.570796327
50,63,-1.570796327,20,-1.570796327,51.54609588,-1.255180665,60.21627687,-0.950546841,28.01785145,-0.607801996,30.6757233,-0.332059468,NaN,NaN,65.1459899,0.312042122,53.00943312,0.624635423,61.6116872,0.946773274,42.05948169,1.256564428,25,1.570796327
50,62,-1.570796327,20,-1.570796327,51.54609588,-1.255180665,37.20215048,-0.938047492,27.20294102,-0.628796286,30.6757233,-0.332059468,NaN,NaN,64.19501538,0.316824486,51.6139516,0.620249486,61.6116872,0.946773274,52.49761899,1.261093382,25,1.570796327
50,61,-1.570796327,20,-1.570796327,51.54609588,-1.255180665,35,-0.927295218,25.8069758,-0.620249486,30.6757233,-0.332059468,NaN,NaN,62.93647591,0.306676319,50.80354318,0.631690634,61.6116872,0.946773274,52.49761899,1.261093382,25,1.570796327
50,60,-1.570796327,15,-1.570796327,51.54609588,-1.255180665,33.60059523,-0.933247529,24.41311123,-0.610725964,30.6757233,-0.332059468,NaN,NaN,61.98386887,0.311546827,49.40647731,0.627308192,61.6116872,0.946773274,52.49761899,1.261093382,25,1.570796327
50,59,-1.570796327,49,-1.570796327,51.54609588,-1.255180665,32.20248438,-0.939716939,23.60084744,-0.635026735,30.6757233,-0.332059468,NaN,NaN,61.03277808,0.316569254,48.01041554,0.622670789,61.6116872,0.946773274,52.49761899,1.261093382,50,1.570796327
50,58,-1.570796327,49,-1.570796327,51.54609588,-1.255180665,30,-0.927295218,22.20360331,-0.62548504,56.92099788,-0.321750554,NaN,NaN,59.77457654,0.305878871,46.61544808,0.617755726,61.6116872,0.946773274,52.49761899,1.261093382,50,1.570796327
50,57,-1.570796327,49,-1.570796327,51.54609588,-1.255180665,28.60069929,-0.934288111,20.80865205,-0.614662952,56.92099788,-0.321750554,NaN,NaN,58.82176468,0.310998281,45.80392996,0.630401421,61.6116872,0.946773274,52.49761899,1.261093382,50,1.570796327
50,56,-1.570796327,49,-1.570796327,51.54609588,-1.255180665,27.20294102,-0.94200004,19.41648784,-0.602287346,56.92099788,-0.321750554,NaN,NaN,57.87054518,0.316286128,44.40720662,0.62548504,61.6116872,0.946773274,52.49761899,1.261093382,50,1.570796327
50,55,-1.570796327,49,-1.570796327,51.54609588,-1.255180665,25,-0.927295218,18.60107524,-0.632748835,56.61271942,-0.304992347,NaN,NaN,56.61271942,0.304992347,43.01162634,0.620249486,61.6116872,0.946773274,52.49761899,1.261093382,50,1.570796327
50,55,-1.570796327,49,-1.570796327,51.54609588,-1.255180665,25,-0.927295218,18.60107524,-0.632748835,56.61271942,-0.304992347,NaN,NaN,56.61271942,0.304992347,43.01162634,0.620249486,61.6116872,0.946773274,52.49761899,1.261093382,50,1.570796327
50,55,-1.396263402,49.81967483,-1.563680422,30.88689042,-1.238230748,20.51828453,-0.925461988,22.36067977,-0.638180534,NaN,NaN,54.74486277,-0.009384248,42.05948169,0.321018748,69.3108938,0.631270569,55.4616985,0.948743426,50.48762225,1.25716746,25.49509757,1.593658961
50,55,-1.221730476,52.20153254,-1.567817863,24.20743687,-1.251572758,18.02775638,-0.937068454,56.04462508,-0.620012701,NaN,NaN,57.5847202,0.005639802,44.20407221,0.308009085,60.46486583,0.624553818,51.92301994,0.948721773,50.03998401,1.261709164,26.57066051,1.567286057
50,55,-1.047197551,29.15475947,-1.553975602,19.84943324,-1.237689474,23.2594067,-0.968017985,NaN,NaN,55.10898293,-0.322644512,40.31128874,-0.004452661,67.26812024,0.314382449,54.62600113,0.632690677,42.29657197,0.928707592,25.49509757,1.244593111,28.65309756,1.557685873
50,55,-0.872664626,22.6715681,-1.545948674,18.02775638,-1.286134304,55.54277631,-0.934376962,NaN,NaN,58.30951895,-0.311255983,45.45327271,-0.006210319,58.83026432,0.317668899,51.41984053,0.637119645,50.08991915,0.932592781,26.92582404,1.253171003,30.47950131,1.588408216
50,55,-0.698131701,19.20937271,-1.547405568,26,-1.267455746,NaN,NaN,55.54277631,-0.636419365,41.34005322,-0.311501214,65.29931087,-0.000528124,53.85164807,0.317625324,50.08991915,0.638203546,25.70992026,0.933676682,29.15475947,1.238551201,25.61249695,1.594187085
50,55,-0.523598776,19.72308292,-1.578921618,55.10898293,-1.248151815,54.33231083,-0.93654033,59.09314681,-0.628973222,46.75467891,-0.322331408,57.80138407,-0.001985018,51.19570294,0.307048471,50.24937811,0.623267428,27.31300057,0.93810565,29.73213749,1.261413836,22.82542442,1.591551891
50,55,-0.34906585,51.26402247,-1.580501147,NaN,NaN,56.04462508,-0.950783626,41.88078318,-0.640350293,63.41135545,-0.313360443,53.14132102,0.00351027,50.03998401,0.309087163,25.96150997,0.622074553,30.23243292,0.946242508,25,1.276361068,47.75981575,1.578246687
50,55,-0.174532925,54.91812087,-1.579374219,54.45181356,-1.26735263,44.72135955,-0.932615793,48.10405388,-0.640268526,56.35601121,-0.304986367,50.80354318,-0.003560013,50.48762225,0.313628867,27.73084925,0.6220529,28.28427125,0.959931089,22.36067977,1.281681643,45.70557953,1.569389627
50,55,0,NaN,NaN,56.61271942,-1.26580398,43.01162634,-0.950546841,61.6116872,-0.624023053,52.49761899,-0.309702945,50,0,26.2488095,0.309702945,30.8058436,0.624023053,24.41311123,0.960070362,47.12748667,1.269177281,45,1.570796327
50,55,0,NaN,NaN,56.61271942,-1.26580398,43.01162634,-0.950546841,61.6116872,-0.624023053,52.49761899,-0.309702945,50,0,26.2488095,0.309702945,30.8058436,0.624023053,24.41311123,0.960070362,47.12748667,1.269177281,45,1.570796327
51,55,0,NaN,NaN,56.61271942,-1.26580398,43.01162634,-0.950546841,60.21627687,-0.620249486,51.54609588,-0.315615662,49,0,25.29822128,0.321750554,29.41088234,0.616296937,24.41311123,0.960070362,47.12748667,1.269177281,45,1.570796327
52,55,0,NaN,NaN,56.61271942,-1.26580398,43.01162634,-0.950546841,59.40538696,-0.63003391,50.28916384,-0.302884868,48,0,24.04163056,0.295440837,28.01785145,0.607801996,24.41311123,0.960070362,47.12748667,1.269177281,45,1.570796327
53,55,0,NaN,NaN,56.61271942,-1.26580398,43.01162634,-0.950546841,58.00862005,-0.626261438,49.33558553,-0.308930744,47,0,23.08679276,0.308052781,27.20294102,0.628796286,24.41311123,0.960070362,21.1896201,1.234121507,45,1.570796327
54,55,0,NaN,NaN,56.61271942,-1.26580398,43.01162634,-0.950546841,56.61271942,-0.622302871,48.38388161,-0.3152147,46,0,22.13594362,0.321750554,25.8069758,0.620249486,24.41311123,0.960070362,20.88061302,1.279339532,45,1.570796327
55,55,0,NaN,NaN,56.61271942,-1.26580398,43.01162634,-0.950546841,55.21775077,-0.618144226,47.12748667,-0.301619046,45,0,20.88061302,0.291456794,24.41311123,0.610725964,24.41311123,0.960070362,20.88061302,1.279339532,45,1.570796327
56,55,0,54,-1.570796327,56.61271942,-1.26580398,43.01162634,-0.950546841,54.40588203,-0.628796286,46.17358552,-0.308052781,44,0,19.92485885,0.305878871,23.60084744,0.635026735,24.41311123,0.960070362,20.88061302,1.279339532,45,1.570796327
57,55,0,54,-1.570796327,41.10960958,-1.249045772,43.01162634,-0.950546841,53.00943312,-0.624635423,45.22167622,-0.314757661,43,0,18.97366596,0.321750554,22.20360331,0.62548504,24.41311123,0.960070362,20.88061302,1.279339532,45,1.570796327
58,55,0,54,-1.570796327,37,-1.240498972,43.01162634,-0.950546841,51.6139516,-0.620249486,44.27188724,-0.321750554,42,0,17.72004515,0.286051442,20.80865205,0.614662952,24.41311123,0.960070362,20.88061302,1.279339532,45,1.570796327
59,55,0,54,-1.570796327,36.68787266,-1.266285444,43.01162634,-0.950546841,50.80354318,-0.631690634,43.01162634,-0.307045732,41,0,16.76305461,0.302884868,19.41648784,0.602287346,24.41311123,0.960070362,20.88061302,1.279339532,45,1.570796327
60,55,0,54,-1.570796327,36.68787266,-1.266285444,43.01162634,-0.950546841,49.40647731,-0.627308192,42.05948169,-0.314231899,40,0,15.8113883,0.321750554,18.60107524,0.632748835,24.41311123,0.960070362,20.88061302,1.279339532,20,1.570796327
61,55,0,54,-1.570796327,36.68787266,-1.266285444,65.80273551,-0.936413506,48.01041554,-0.622670789,41.10960958,-0.321750554,39,0,14.86606875,0.34302394,17.20465053,0.620249486,23.60084744,0.935769591,20.88061302,1.279339532,20,1.570796327
62,55,0,54,-1.570796327,36.68787266,-1.266285444,64.40496875,-0.939716939,46.61544808,-0.617755726,39.84971769,-0.305878871,38,0,39.84971769,0.305878871,15.8113883,0.605544664,21.40093456,0.917949696,20.88061302,1.279339532,20,1.570796327
63,55,0,54,-1.570796327,36.68787266,-1.266285444,62.20128616,-0.933725998,45.80392996,-0.630401421,38.89730068,-0.313620652,37,0,38.89730068,0.313620652,14.4222051,0.588002604,20,0.927295218,20.88061302,1.279339532,20,1.570796327
64,55,0,54,-1.570796327,36.68787266,-1.266285444,60.80296045,-0.937163319,44.40720662,-0.62548504,37.94733192,-0.321750554,36,0,37.94733192,0.321750554,13.60147051,0.628796286,18.60107524,0.938047492,20.88061302,1.279339532,20,1.570796327
65,55,0,54,-1.570796327,36.68787266,-1.266285444,59.40538696,-0.940762417,43.01162634,-0.620249486,36.68787266,-0.304510883,35,0,36.68787266,0.304510883,12.20655562,0.610725964,16.40121947,0.915100701,20.88061302,1.279339532,20,1.570796327
66,55,0,54,-1.570796327,36.68787266,-1.266285444,57.20139858,-0.934288111,41.61730409,-0.614662952,35.73513677,-0.312901228,34,0,35.73513677,0.312901228,10.81665383,0.588002604,15,0.927295218,20.88061302,1.279339532,20,1.570796327
67,55,0,54,-1.570796327,36.68787266,-1.266285444,55.80322571,-0.938047492,40.80441153,-0.628796286,34.78505426,-0.321750554,33,0,34.78505426,0.321750554,10,0.643501109,12.80624847,0.896055385,20.88061302,1.279339532,20,1.570796327
68,55,0,54,-1.570796327,36.68787266,-1.266285444,54.40588203,-0.94200004,39.40812099,-0.62319933,33.52610923,-0.302884868,32,0,33.52610923,0.302884868,8.602325267,0.620249486,11.40175425,0.909753158,20.88061302,1.279339532,20,1.570796327
69,55,0,54,-1.570796327,36.68787266,-1.266285444,52.20153254,-0.934957903,38.01315562,-0.617191392,32.57299495,-0.312042122,31,0,32.57299495,0.312042122,7.810249676,0.694738276,10,0.927295218,18.02775638,1.231503712,20,1.570796327
70,55,0,35,-1.570796327,36.68787266,-1.266285444,50.80354318,-0.939105692,37.20215048,-0.632748835,31.6227766,-0.321750554,30,0,31.6227766,0.321750554,37.20215048,0.632748835,7.810249676,0.876058051,14.86606875,1.227772386,20,1.570796327
71,55,0,35,-1.570796327,36.68787266,-1.266285444,48.60041152,-0.931410421,35.80502758,-0.626742901,30.3644529,-0.300920234,29,0,30.3644529,0.300920234,35.80502758,0.626742901,6.403124237,0.896055385,11.70469991,1.222025323,20,1.570796327
72,55,0,35,-1.570796327,36.68787266,-1.266285444,47.20169488,-0.935769591,34.40930107,-0.620249486,29.41088234,-0.310998281,28,0,29.41088234,0.310998281,34.40930107,0.620249486,5.830951895,1.030376827,8.544003745,1.212025657,20,1.570796327
73,55,0,35,-1.570796327,36.68787266,-1.266285444,45.80392996,-0.940394905,33.01514804,-0.613207349,17.72004515,-0.286051442,27,0,28.46049894,0.321750554,33.01514804,0.613207349,45.80392996,0.940394905,5.385164807,1.19028995,20,1.570796327
74,55,0,35,-1.570796327,36.68787266,-1.266285444,43.60045871,-0.931882342,32.20248438,-0.631079387,16.76305461,-0.302884868,26,0,27.20294102,0.298498932,32.20248438,0.631079387,43.60045871,0.931882342,5.099019514,1.373400767,20,1.570796327
75,55,0,35,-1.570796327,56.61271942,-1.26580398,42.20189569,-0.936773607,30.8058436,-0.624023053,15.8113883,-0.321750554,25,0,26.2488095,0.309702945,30.8058436,0.624023053,42.20189569,0.936773607,47.12748667,1.269177281,5,1.570796327
76,55,0,35,-1.570796327,56.61271942,-1.26580398,40.80441153,-0.94200004,29.41088234,-0.616296937,14.86606875,-0.34302394,24,0,25.29822128,0.321750554,29.41088234,0.616296937,40.80441153,0.94200004,47.12748667,1.269177281,NaN,NaN
77,55,0,35,-1.570796327,56.61271942,-1.26580398,38.60051813,-0.932476519,28.01785145,-0.607801996,14.86606875,-0.34302394,23,0,24.04163056,0.295440837,28.01785145,0.607801996,38.60051813,0.932476519,47.12748667,1.269177281,NaN,NaN
78,55,0,35,-1.570796327,56.61271942,-1.26580398,37.20215048,-0.938047492,27.20294102,-0.628796286,14.86606875,-0.34302394,22,0,23.08679276,0.308052781,27.20294102,0.628796286,37.20215048,0.938047492,47.12748667,1.269177281,NaN,NaN
79,55,0,35,-1.570796327,56.61271942,-1.26580398,35,-0.927295218,25.8069758,-0.620249486,14.86606875,-0.34302394,21,0,22.13594362,0.321750554,25.8069758,0.620249486,35,0.927295218,47.12748667,1.269177281,NaN,NaN
80,55,0,35,-1.570796327,56.61271942,-1.26580398,33.60059523,-0.933247529,24.41311123,-0.610725964,14.86606875,-0.34302394,20,0,20.88061302,0.291456794,24.41311123,0.610725964,33.60059523,0.933247529,47.12748667,1.269177281,NaN,NaN
81,55,0,35,-1.570796327,56.61271942,-1.26580398,32.20248438,-0.939716939,23.60084744,-0.635026735,14.86606875,-0.34302394,19,0,19.92485885,0.305878871,23.60084744,0.635026735,32.20248438,0.939716939,47.12748667,1.269177281,NaN,NaN
82,55,0,35,-1.570796327,56.61271942,-1.26580398,30,-0.927295218,22.20360331,-0.62548504,14.86606875,-0.34302394,18,0,18.97366596,0.321750554,22.20360331,0.62548504,30,0.927295218,47.12748667,1.269177281,NaN,NaN
83,55,0,35,-1.570796327,53.75872022,-1.249045772,28.60069929,-0.934288111,8.602325267,-0.620249486,14.86606875,-0.34302394,17,0,17.72004515,0.286051442,20.80865205,0.614662952,28.60069929,0.934288111,47.12748667,1.269177281,NaN,NaN
84,55,0,35,-1.570796327,50.59644256,-1.249045772,27.20294102,-0.94200004,7.810249676,-0.694738276,14.86606875,-0.34302394,16,0,16.76305461,0.302884868,19.41648784,0.602287346,27.20294102,0.94200004,47.12748667,1.269177281,NaN,NaN
85,55,0,35,-1.570796327,47.4341649,-1.249045772,25,-0.927295218,7.810249676,-0.694738276,14.86606875,-0.34302394,15,0,15.8113883,0.321750554,18.60107524,0.632748835,25,0.927295218,47.12748667,1.269177281,45,1.570796327
86,55,0,54,-1.570796327,44.27188724,-1.249045772,6.403124237,-0.896055385,7.810249676,-0.694738276,14.56021978,-0.278299659,14,0,14.56021978,0.278299659,17.20465053,0.620249486,23.60084744,0.935769591,44.27188724,1.249045772,45,1.570796327
87,55,0,54,-1.570796327,41.10960958,-1.249045772,5.830951895,-1.030376827,7.810249676,-0.694738276,13.60147051,-0.298498932,13,0,13.60147051,0.298498932,15.8113883,0.605544664,21.40093456,0.917949696,41.10960958,1.249045772,45,1.570796327
88,55,0,54,-1.570796327,5.385164807,-1.19028995,5.830951895,-1.030376827,7.810249676,-0.694738276,12.64911064,-0.321750554,12,0,12.64911064,0.321750554,14.4222051,0.588002604,20,0.927295218,37,1.240498972,45,1.570796327
89,55,0,54,-1.570796327,5.099019514,-1.373400767,5.830951895,-1.030376827,7.810249676,-0.694738276,11.40175425,-0.266252049,11,0,11.40175425,0.266252049,13.60147051,0.628796286,18.60107524,0.938047492,33.83784863,1.23970025,45,1.570796327
90,55,0,5,-1.570796327,5.099019514,-1.373400767,5.830951895,-1.030376827,7.810249676,-0.694738276,10.44030651,-0.291456794,10,0,10.44030651,0.291456794,12.20655562,0.610725964,16.40121947,0.915100701,30.6757233,1.238736859,45,1.570796327
90,55,0,5,-1.570796327,5.099019514,-1.373400767,5.830951895,-1.030376827,7.810249676,-0.694738276,10.44030651,-0.291456794,10,0,10.44030651,0.291456794,12.20655562,0.610725964,16.40121947,0.915100701,30.6757233,1.238736859,45,1.570796327
90,55,0.174532925,5.099019514,-1.547933692,5.385164807,-1.364822875,7.071067812,-0.959931089,10.29563014,-0.68163143,10.04987562,-0.274201578,10.19803903,0.022862635,11.18033989,0.289114684,14.14213562,0.610865238,22.36067977,0.932615793,45.39823785,1.263711869,NaN,NaN
90,55,0.34906585,5.385164807,-1.5393558,6.403124237,-1.245121235,8.602325267,-0.969315336,10.44030651,-0.640522645,10,-0.34906585,10.77032961,0.031440527,12.80624847,0.325675092,17.20465053,0.60148099,34.4818793,0.927495911,45.01110974,1.243949042,NaN,NaN
90,55,0.523598776,5.830951895,-1.553975602,7.071067812,-1.308996939,10.77032961,-0.904105153,10.04987562,-0.623267428,10.19803903,-0.326203216,11.66190379,0.016820725,14.86606875,0.309382491,23.2594067,0.602778341,45.27692569,0.93654033,NaN,NaN,51.97114584,1.571116899
90,55,0.698131701,6.403124237,-1.594187085,8.602325267,-1.318381187,10.19803903,-0.895527261,10.04987562,-0.598463048,10.77032961,-0.317625324,12.80624847,-0.023390759,18.02775638,0.284662022,39.29376541,0.615340911,45.09988914,0.93923279,NaN,NaN,22.6715681,1.595643979
90,55,0.872664626,7.810249676,-1.567402902,10.77032961,-1.253171003,10.04987562,-0.972333278,10.19803903,-0.675269066,11.66190379,-0.332245126,14.86606875,-0.039683359,26,0.303340581,45.09988914,0.631563537,NaN,NaN,53,1.254731019,19.20937271,1.594187085
90,55,1.047197551,9.433981132,-1.605796867,10.19803903,-1.244593111,10.04987562,-0.947528899,10.77032961,-0.666691174,13.45362405,-0.314382449,19.72308292,-0.008125292,45.89117562,0.326203216,45.27692569,0.634255997,49.24428901,0.941823105,21.9317122,1.276750057,17,1.604437776
90,55,1.221730476,10.77032961,-1.602236854,10,-1.221730476,10.44030651,-0.930273682,12.20655562,-0.611004512,15.62049935,-0.345672426,27.85677655,-0.018107983,45.01110974,0.326847285,NaN,NaN,54.08326913,0.937068454,18.60107524,1.287113342,15.8113883,1.598111623
90,55,1.396263402,10.19803903,-1.593658961,10.04987562,-1.296594749,11.18033989,-0.932615793,13.45362405,-0.6634483,20.59126028,-0.332565579,45.70557953,-0.0014067,NaN,NaN,50.08991915,0.6292522,21.21320344,0.959931089,17,1.255371926,60.8276253,1.580180575
90,55,1.570796327,10,-1.570796327,10.44030651,-1.279339532,12.20655562,-0.960070362,16.40121947,-0.655695626,30.6757233,-0.332059468,45,0,NaN,NaN,25,0.643501109,18.60107524,0.938047492,15.8113883,1.249045772,89,1.570796327
90,55,1.570796327,10,-1.570796327,10.44030651,-1.279339532,12.20655562,-0.960070362,16.40121947,-0.655695626,30.6757233,-0.332059468,45,0,NaN,NaN,25,0.643501109,18.60107524,0.938047492,15.8113883,1.249045772,89,1.570796327
90,56,1.570796327,10,-1.570796327,10.44030651,-1.279339532,12.20655562,-0.960070362,16.40121947,-0.655695626,30.6757233,-0.332059468,44,0,NaN,NaN,54.40588203,0.628796286,18.60107524,0.938047492,15.8113883,1.249045772,89,1.570796327
90,57,1.570796327,10,-1.570796327,10.44030651,-1.279339532,12.20655562,-0.960070362,16.40121947,-0.655695626,30.6757233,-0.332059468,43,0,NaN,NaN,53.00943312,0.624635423,18.60107524,0.938047492,15.8113883,1.249045772,89,1.570796327
90,58,1.570796327,10,-1.570796327,10.44030651,-1.279339532,12.20655562,-0.960070362,16.40121947,-0.655695626,30.6757233,-0.332059468,42,0,NaN,NaN,51.6139516,0.620249486,18.60107524,0.938047492,15.8113883,1.249045772,89,1.570796327
90,59,1.570796327,10,-1.570796327,10.44030651,-1.279339532,12.20655562,-0.960070362,16.40121947,-0.655695626,30.6757233,-0.332059468,41,0,NaN,NaN,50.80354318,0.631690634,18.60107524,0.938047492,15.8113883,1.249045772,89,1.570796327
90,60,1.570796327,10,-1.570796327,10.44030651,-1.279339532,12.20655562,-0.960070362,16.40121947,-0.655695626,30.6757233,-0.332059468,40,0,NaN,NaN,49.40647731,0.627308192,18.60107524,0.938047492,15.8113883,1.249045772,15,1.570796327
90,61,1.570796327,10,-1.570796327,10.44030651,-1.279339532,12.20655562,-0.960070362,16.40121947,-0.655695626,30.6757233,-0.332059468,39,0,NaN,NaN,48.01041554,0.622670789,18.60107524,0.938047492,15.8113883,1.249045772,15,1.570796327
90,62,1.570796327,10,-1.570796327,10.44030651,-1.279339532,12.20655562,-0.960070362,16.40121947,-0.655695626,30.6757233,-0.332059468,38,0,NaN,NaN,46.61544808,0.617755726,18.60107524,0.938047492,15.8113883,1.249045772,15,1.570796327
90,63,1.570796327,10,-1.570796327,10.44030651,-1.279339532,12.20655562,-0.960070362,16.40121947,-0.655695626,30.6757233,-0.332059468,37,0,NaN,NaN,45.80392996,0.630401421,18.60107524,0.938047492,15.8113883,1.249045772,15,1.570796327
90,64,1.570796327,10,-1.570796327,10.44030651,-1.279339532,12.20655562,-0.960070362,16.40121947,-0.655695626,30.6757233,-0.332059468,36,0,NaN,NaN,44.40720662,0.62548504,18.60107524,0.938047492,15.8113883,1.249045772,15,1.570796327
90,65,1.570796327,10,-1.570796327,10.44030651,-1.279339532,12.20655562,-0.960070362,16.40121947,-0.655695626,30.6757233,-0.332059468,35,0,NaN,NaN,43.01162634,0.620249486,59.40538696,0.940762417,15.8113883,1.249045772,15,1.570796327
90,66,1.570796327,10,-1.570796327,10.44030651,-1.279339532,12.20655562,-0.960070362,16.40121947,-0.655695626,30.6757233,-0.332059468,34,0,NaN,NaN,41.61730409,0.614662952,57.20139858,0.934288111,15.8113883,1.249045772,15,1.570796327
90,67,1.570796327,10,-1.570796327,10.44030651,-1.279339532,12.20655562,-0.960070362,16.40121947,-0.655695626,30.6757233,-0.332059468,33,0,NaN,NaN,40.80441153,0.628796286,55.80322571,0.938047492,15.8113883,1.249045772,15,1.570796327
90,68,1.570796327,10,-1.570796327,10.44030651,-1.279339532,12.20655562,-0.960070362,16.40121947,-0.655695626,30.6757233,-0.332059468,32,0,NaN,NaN,39.40812099,0.62319933,54.40588203,0.94200004,15.8113883,1.249045772,15,1.570796327
90,69,1.570796327,10,-1.570796327,10.44030651,-1.279339532,12.20655562,-0.960070362,16.40121947,-0.655695626,30.6757233,-0.332059468,31,0,NaN,NaN,38.01315562,0.617191392,52.20153254,0.934957903,15.8113883,1.249045772,15,1.570796327
90,70,1.570796327,10,-1.570796327,10.44030651,-1.279339532,12.20655562,-0.960070362,16.40121947,-0.655695626,30.6757233,-0.332059468,30,0,NaN,NaN,37.20215048,0.632748835,50.80354318,0.939105692,15.8113883,1.249045772,15,1.570796327
90,71,1.570796327,10,-1.570796327,10.44030651,-1.279339532,12.20655562,-0.960070362,16.40121947,-0.655695626,30.3644529,-0.300920234,29,0,NaN,NaN,35.80502758,0.626742901,48.60041152,0.931410421,92.65527508,1.252458728,15,1.570796327
90,72,1.570796327,10,-1.570796327,10.44030651,-1.279339532,12.20655562,-0.960070362,16.40121947,-0.655695626,29.41088234,-0.310998281,28,0,NaN,NaN,34.40930107,0.620249486,47.20169488,0.935769591,89.49301649,1.252579327,15,1.570796327
90,73,1.570796327,10,-1.570796327,10.44030651,-1.279339532,12.20655562,-0.960070362,16.40121947,-0.655695626,28.46049894,-0.321750554,27,0,NaN,NaN,33.60059523,0.637548798,45.80392996,0.940394905,86.33075929,1.25270876,15,1.570796327
90,74,1.570796327,10,-1.570796327,10.44030651,-1.279339532,12.20655562,-0.960070362,16.40121947,-0.655695626,27.20294102,-0.298498932,26,0,NaN,NaN,NaN,NaN,43.60045871,0.931882342,83.16850365,1.252848035,15,1.570796327
90,75,1.570796327,10,-1.570796327,10.44030651,-1.279339532,12.20655562,-0.960070362,16.40121947,-0.655695626,26.2488095,-0.309702945,25,0,NaN,NaN,NaN,NaN,42.20189569,0.936773607,80.00624976,1.252998321,15,1.570796327
90,76,1.570796327,10,-1.570796327,10.44030651,-1.279339532,12.20655562,-0.960070362,16.40121947,-0.655695626,25.29822128,-0.321750554,24,0,NaN,NaN,NaN,NaN,40.80441153,0.94200004,75.89466384,1.249045772,60,1.570796327
90,77,1.570796327,10,-1.570796327,10.44030651,-1.279339532,12.20655562,-0.960070362,16.40121947,-0.655695626,24.04163056,-0.295440837,23,0,NaN,NaN,NaN,NaN,38.60051813,0.932476519,72.73238618,1.249045772,60,1.570796327
90,78,1.570796327,10,-1.570796327,10.44030651,-1.279339532,12.20655562,-0.960070362,16.40121947,-0.655695626,23.08679276,-0.308052781,22,0,NaN,NaN,NaN,NaN,37.20215048,0.938047492,69.57010852,1.249045772,60,1.570796327
90,79,1.570796327,10,-1.570796327,10.44030651,-1.279339532,12.20655562,-0.960070362,16.40121947,-0.655695626,22.13594362,-0.321750554,21,0,NaN,NaN,NaN,NaN,35,0.927295218,66.40783086,1.249045772,60,1.570796327
90,80,1.570796327,10,-1.570796327,10.44030651,-1.279339532,12.20655562,-0.960070362,16.40121947,-0.655695626,20.88061302,-0.291456794,20,0,NaN,NaN,NaN,NaN,33.60059523,0.933247529,63.2455532,1.249045772,60,1.570796327
90,81,1.570796327,10,-1.570796327,10.44030651,-1.279339532,12.20655562,-0.960070362,16.40121947,-0.655695626,19.92485885,-0.305878871,19,0,NaN,NaN,NaN,NaN,32.20248438,0.939716939,60.08327554,1.249045772,60,1.570796327
90,82,1.570796327,10,-1.570796327,10.44030651,-1.279339532,12.20655562,-0.960070362,16.40121947,-0.655695626,18.97366596,-0.321750554,18,0,NaN,NaN,NaN,NaN,30,0.927295218,56.92099788,1.249045772,60,1.570796327
90,83,1.570796327,10,-1.570796327,10.44030651,-1.279339532,12.20655562,-0.960070362,16.40121947,-0.655695626,17.72004515,-0.286051442,17,0,17.72004515,0.286051442,NaN,NaN,28.60069929,0.934288111,53.75872022,1.249045772,60,1.570796327
90,84,1.570796327,10,-1.570796327,10.44030651,-1.279339532,12.20655562,-0.960070362,16.40121947,-0.655695626,16.76305461,-0.302884868,16,0,16.76305461,0.302884868,NaN,NaN,27.20294102,0.94200004,50.59644256,1.249045772,60,1.570796327
90,85,1.570796327,10,-1.570796327,10.44030651,-1.279339532,12.20655562,-0.960070362,16.40121947,-0.655695626,15.8113883,-0.321750554,15,0,15.8113883,0.321750554,NaN,NaN,25,0.927295218,47.4341649,1.249045772,55,1.570796327
90,85,1.570796327,10,-1.570796327,10.44030651,-1.279339532,12.20655562,-0.960070362,16.40121947,-0.655695626,15.8113883,-0.321750554,15,0,15.8113883,0.321750554,NaN,NaN,25,0.927295218,47.4341649,1.249045772,55,1.570796327
90,85,1.745329252,10.19803903,-1.547933692,11.18033989,-1.281681643,14.14213562,-0.959931089,16.55294536,-0.611160085,15.13274595,-0.307084457,15.29705854,0.022862635,NaN,NaN,NaN,NaN,33.54101966,0.932615793,89.80534505,1.2622402,60.8276253,1.561412079
90,85,1.919862177,10.77032961,-1.5393558,12.80624847,-1.245121235,17.20465053,-0.969315336,15.5241747,-0.609668242,15,-0.34906585,15.8113883,-0.027315296,NaN,NaN,26.62705391,0.623311583,53.16013544,0.935679035,60.03332408,1.255051472,27.85677655,1.58890431
90,85,2.094395102,11.66190379,-1.553975602,14.86606875,-1.261413836,16.55294536,-0.960225935,15.03329638,-0.590166939,15.29705854,-0.326203216,NaN,NaN,NaN,NaN,36.24913792,0.620570058,89.45389874,0.946416552,61.39218191,1.260566193,19.72308292,1.578921618
90,85,2.268928028,12.80624847,-1.594187085,17.49285568,-1.238551201,15.5241747,-0.958734093,15.03329638,-0.631563537,NaN,NaN,NaN,NaN,27.45906044,0.294762689,59.9082632,0.619588974,60.13318551,0.93923279,26,1.267455746,19.20937271,1.547405568
90,85,2.443460953,14.86606875,-1.610479686,16.15549442,-1.253171003,15.03329638,-0.93923279,15.5241747,-0.612062234,NaN,NaN,NaN,NaN,39,0.303340581,89.20201791,0.630817825,61.84658438,0.943110364,18.02775638,1.286134304,22.6715681,1.545948674
90,85,2.617993878,17,-1.537154877,15.29705854,-1.244593111,15.03329638,-0.980629387,NaN,NaN,NaN,NaN,29.15475947,-0.016820725,69.63476143,0.306487461,60.29925373,0.623267428,23.2594067,0.968017985,19.84943324,1.237689474,29.15475947,1.553975602
90,85,2.792526803,15.8113883,-1.543481031,15,-1.221730476,15.5241747,-0.961128085,NaN,NaN,25,-0.294435258,42.72001873,-0.00970482,89.05054744,0.315370743,62.36184731,0.62516287,18.02775638,0.937068454,24.20743687,1.251572758,89.19641248,1.576838237
90,85,2.967059728,15.29705854,-1.593658961,15.13274595,-1.263711869,NaN,NaN,NaN,NaN,30.88689042,-0.332565579,83.36066219,-0.006393536,60.5309838,0.307084457,22.36067977,0.638180534,20.51828453,0.925461988,NaN,NaN,65.9241989,1.577686814
90,85,3.141592654,15,-1.570796327,15.8113883,-1.249045772,NaN,NaN,25,-0.643501109,47.4341649,-0.321750554,55,0,30.6757233,0.332059468,18.60107524,0.632748835,25,0.927295218,88.23264702,1.259798046,35,1.570796327
90,85,3.141592654,15,-1.570796327,15.8113883,-1.249045772,NaN,NaN,25,-0.643501109,47.4341649,-0.321750554,55,0,30.6757233,0.332059468,18.60107524,0.632748835,25,0.927295218,88.23264702,1.259798046,35,1.570796327
89,85,3.141592654,15,-1.570796327,NaN,NaN,NaN,NaN,25,-0.643501109,47.4341649,-0.321750554,54,0,30.6757233,0.332059468,17.20465053,0.620249486,23.60084744,0.935769591,88.23264702,1.259798046,84,1.570796327
88,85,3.141592654,15,-1.570796327,NaN,NaN,NaN,NaN,25,-0.643501109,47.4341649,-0.321750554,53,0,61.03277808,0.316569254,16.40121947,0.655695626,21.40093456,0.917949696,88.23264702,1.259798046,84,1.570796327
87,85,3.141592654,15,-1.570796327,NaN,NaN,NaN,NaN,25,-0.643501109,47.4341649,-0.321750554,52,0,59.77457654,0.305878871,16.40121947,0.655695626,20,0.927295218,88.23264702,1.259798046,84,1.570796327
86,85,3.141592654,15,-1.570796327,NaN,NaN,NaN,NaN,25,-0.643501109,47.4341649,-0.321750554,51,0,58.82176468,0.310998281,16.40121947,0.655695626,18.60107524,0.938047492,88.23264702,1.259798046,84,1.570796327
85,85,3.141592654,15,-1.570796327,NaN,NaN,NaN,NaN,25,-0.643501109,47.4341649,-0.321750554,50,0,57.87054518,0.316286128,16.40121947,0.655695626,16.40121947,0.915100701,88.23264702,1.259798046,65,1.570796327
84,85,3.141592654,NaN,NaN,NaN,NaN,NaN,NaN,25,-0.643501109,47.4341649,-0.321750554,49,0,56.61271942,0.304992347,16.40121947,0.655695626,15,0.927295218,88.23264702,1.259798046,65,1.570796327
83,85,3.141592654,NaN,NaN,NaN,NaN,NaN,NaN,25,-0.643501109,47.4341649,-0.321750554,48,0,55.6596802,0.310387407,16.40121947,0.655695626,12.80624847,0.896055385,24.35159132,1.236059489,65,1.570796327
82,85,3.141592654,NaN,NaN,NaN,NaN,NaN,NaN,25,-0.643501109,47.4341649,-0.321750554,47,0,54.70831747,0.315970272,16.40121947,0.655695626,12.20655562,0.960070362,21.1896201,1.234121507,65,1.570796327
81,85,3.141592654,NaN,NaN,NaN,NaN,18.60107524,-0.938047492,25,-0.643501109,47.4341649,-0.321750554,46,0,53.45091206,0.304000939,16.40121947,0.655695626,12.20655562,0.960070362,18.02775638,1.231503712,65,1.570796327
80,85,3.141592654,NaN,NaN,NaN,NaN,18.60107524,-0.938047492,25,-0.643501109,47.4341649,-0.321750554,45,0,52.49761899,0.309702945,16.40121947,0.655695626,12.20655562,0.960070362,14.86606875,1.227772386,65,1.570796327
79,85,3.141592654,NaN,NaN,NaN,NaN,18.60107524,-0.938047492,25,-0.643501109,47.4341649,-0.321750554,44,0,51.54609588,0.315615662,16.40121947,0.655695626,12.20655562,0.960070362,11.70469991,1.222025323,65,1.570796327
78,85,3.141592654,NaN,NaN,NaN,NaN,18.60107524,-0.938047492,25,-0.643501109,47.4341649,-0.321750554,43,0,50.28916384,0.302884868,16.40121947,0.655695626,12.20655562,0.960070362,10.44030651,1.279339532,65,1.570796327
77,85,3.141592654,NaN,NaN,NaN,NaN,18.60107524,-0.938047492,25,-0.643501109,47.4341649,-0.321750554,42,0,49.33558553,0.308930744,16.40121947,0.655695626,12.20655562,0.960070362,10.44030651,1.279339532,65,1.570796327
76,85,3.141592654,NaN,NaN,NaN,NaN,18.60107524,-0.938047492,25,-0.643501109,47.4341649,-0.321750554,41,0,48.38388161,0.3152147,16.40121947,0.655695626,12.20655562,0.960070362,10.44030651,1.279339532,65,1.570796327
75,85,3.141592654,NaN,NaN,15.8113883,-1.249045772,18.60107524,-0.938047492,25,-0.643501109,47.4341649,-0.321750554,40,0,47.12748667,0.301619046,16.40121947,0.655695626,12.20655562,0.960070362,10.44030651,1.279339532,10,1.570796327
74,85,3.141592654,NaN,NaN,15.8113883,-1.249045772,18.60107524,-0.938047492,25,-0.643501109,47.4341649,-0.321750554,39,0,46.17358552,0.308052781,16.40121947,0.655695626,12.20655562,0.960070362,10.44030651,1.279339532,10,1.570796327
73,85,3.141592654,NaN,NaN,15.8113883,-1.249045772,18.60107524,-0.938047492,25,-0.643501109,47.4341649,-0.321750554,38,0,45.22167622,0.314757661,16.40121947,0.655695626,12.20655562,0.960070362,10.44030651,1.279339532,10,1.570796327
72,85,3.141592654,NaN,NaN,15.8113883,-1.249045772,18.60107524,-0.938047492,25,-0.643501109,47.4341649,-0.321750554,37,0,44.27188724,0.321750554,87.4185335,0.622909054,12.20655562,0.960070362,10.44030651,1.279339532,10,1.570796327
71,85,3.141592654,NaN,NaN,15.8113883,-1.249045772,18.60107524,-0.938047492,25,-0.643501109,47.4341649,-0.321750554,36,0,43.01162634,0.307045732,86.60831369,0.629645183,12.20655562,0.960070362,10.44030651,1.279339532,10,1.570796327
70,85,3.141592654,15,-1.570796327,15.8113883,-1.249045772,18.60107524,-0.938047492,25,-0.643501109,47.4341649,-0.321750554,35,0,42.05948169,0.314231899,43.01162634,0.620249486,12.20655562,0.960070362,10.44030651,1.279339532,10,1.570796327
69,85,3.141592654,15,-1.570796327,15.8113883,-1.249045772,18.60107524,-0.938047492,25,-0.643501109,47.4341649,-0.321750554,34,0,41.10960958,0.321750554,42.20189569,0.63402272,12.20655562,0.960070362,10.44030651,1.279339532,10,1.570796327
68,85,3.141592654,15,-1.570796327,15.8113883,-1.249045772,18.60107524,-0.938047492,25,-0.643501109,47.4341649,-0.321750554,33,0,39.84971769,0.305878871,42.20189569,0.63402272,12.20655562,0.960070362,10.44030651,1.279339532,10,1.570796327
67,85,3.141592654,15,-1.570796327,15.8113883,-1.249045772,18.60107524,-0.938047492,25,-0.643501109,47.4341649,-0.321750554,32,0,38.89730068,0.313620652,42.20189569,0.63402272,12.20655562,0.960070362,10.44030651,1.279339532,10,1.570796327
66,85,3.141592654,15,-1.570796327,15.8113883,-1.249045772,18.60107524,-0.938047492,25,-0.643501109,47.4341649,-0.321750554,31,0,37.94733192,0.321750554,42.20189569,0.63402272,55.21775077,0.952652101,10.44030651,1.279339532,10,1.570796327
65,85,3.141592654,15,-1.570796327,15.8113883,-1.249045772,18.60107524,-0.938047492,25,-0.643501109,47.4341649,-0.321750554,30,0,36.68787266,0.304510883,42.20189569,0.63402272,55.21775077,0.952652101,10.44030651,1.279339532,10,1.570796327
64,85,3.141592654,15,-1.570796327,15.8113883,-1.249045772,18.60107524,-0.938047492,25,-0.643501109,47.4341649,-0.321750554,29,0,35.73513677,0.312901228,41.61730409,0.614662952,55.21775077,0.952652101,10.44030651,1.279339532,10,1.570796327
63,85,3.141592654,15,-1.570796327,15.8113883,-1.249045772,18.60107524,-0.938047492,25,-0.643501109,47.4341649,-0.321750554,28,0,34.78505426,0.321750554,40.80441153,0.628796286,55.21775077,0.952652101,10.44030651,1.279339532,10,1.570796327
62,85,3.141592654,15,-1.570796327,15.8113883,-1.249045772,18.60107524,-0.938047492,25,-0.643501109,47.4341649,-0.321750554,27,0,33.52610923,0.302884868,39.40812099,0.62319933,55.21775077,0.952652101,88.23264702,1.259798046,10,1.570796327
61,85,3.141592654,15,-1.570796327,15.8113883,-1.249045772,18.60107524,-0.938047492,25,-0.643501109,47.4341649,-0.321750554,26,0,32.57299495,0.312042122,38.01315562,0.617191392,55.21775077,0.952652101,88.23264702,1.259798046,10,1.570796327
60,85,3.141592654,15,-1.570796327,15.8113883,-1.249045772,18.60107524,-0.938047492,25,-0.643501109,47.4341649,-0.321750554,25,0,31.6227766,0.321750554,37.20215048,0.632748835,55.21775077,0.952652101,88.23264702,1.259798046,10,1.570796327
59,85,3.141592654,15,-1.570796327,15.8113883,-1.249045772,18.60107524,-0.938047492,25,-0.643501109,47.4341649,-0.321750554,24,0,30.3644529,0.300920234,35.80502758,0.626742901,55.21775077,0.952652101,86.33075929,1.25270876,84,1.570796327
58,85,3.141592654,15,-1.570796327,15.8113883,-1.249045772,18.60107524,-0.938047492,25,-0.643501109,47.4341649,-0.321750554,23,0,29.41088234,0.310998281,34.40930107,0.620249486,55.21775077,0.952652101,56.92099788,1.249045772,84,1.570796327
58,85,-3.141592654,15,-1.570796327,15.8113883,-1.249045772,18.60107524,-0.938047492,25,-0.643501109,47.4341649,-0.321750554,23,0,29.41088234,0.310998281,34.40930107,0.620249486,55.21775077,0.952652101,56.92099788,1.249045772,84,1.570796327
58,85,-2.967059728,15.29705854,-1.547933692,17,-1.255371926,21.21320344,-0.959931089,33.54101966,-0.638180534,57.55866572,-0.313972982,28.44292531,0.002175931,31.76476035,0.317276251,34.6554469,0.631270569,50.08991915,0.941544127,NaN,NaN,10.19803903,1.593658961
58,85,-2.792526803,15.8113883,-1.598111623,18.60107524,-1.287113342,26.62705391,-0.947484744,53.16013544,-0.635117292,28.01785145,-0.313366738,29.73213749,-0.00604191,35.60898763,0.316903387,54.08326913,0.633727873,87.36131867,0.943430817,84.05355436,1.257429589,10.77032961,1.602236854
58,85,-2.617993878,17,-1.604437776,21.9317122,-1.276750057,36.24913792,-0.950226269,57.31491952,-0.628475714,28.63564213,-0.312505442,32.24903099,-0.004452661,33.9705755,0.303441967,49.24428901,0.628973222,NaN,NaN,10.19803903,1.244593111,11.66190379,1.587617051
58,85,-2.443460953,19.20937271,-1.594187085,27.45906044,-1.276033638,58.69412236,-0.938978156,28.0713377,-0.626824236,30.08321791,-0.323798085,36.23534186,-0.010460445,53,0.316065308,86.58521814,0.627685963,84.21401309,0.943972091,10.77032961,1.253171003,12.80624847,1.547405568
58,85,-2.268928028,22.6715681,-1.595643979,39,-1.267455746,57.14017851,-0.942725209,28.86173938,-0.627685963,32.75667871,-0.327009571,58.25804665,0.009986736,48.46648326,0.317625324,NaN,NaN,10.19803903,0.895527261,11.66190379,1.238551201,14.86606875,1.531112967
58,85,-2.094395102,29.15475947,-1.587617051,58.24946352,-1.254693778,28.16025568,-0.940461879,30.46309242,-0.642305765,36.79673899,-0.300241978,51.97114584,-0.000320572,85.90692638,0.312505442,84.48076704,0.630334448,10.77032961,0.904105153,13.45362405,1.256413877,19.72308292,1.562671035
58,85,-1.919862177,42.72001873,-1.580501147,57.03507693,-1.256803807,29.12043956,-0.943430817,33.83784863,-0.625531335,57.00877125,-0.311977318,51.26402247,-0.00970482,NaN,NaN,10.44030651,0.640522645,12.20655562,0.959791815,15.62049935,1.225123901,44.59820624,1.576838237
58,85,-1.745329252,57.87054518,-1.5699346,28.28427125,-1.254366347,30.87069808,-0.961593186,36.06937759,-0.630470569,51,-0.315424401,NaN,NaN,10.19803903,0.371928485,11.18033989,0.638180534,13.45362405,0.907348027,47.41307836,1.262815957,42.57933771,1.580180575
58,85,-1.570796327,23,-1.570796327,29.41088234,-1.259798046,34.40930107,-0.950546841,55.21775077,-0.618144226,56.92099788,-0.321750554,84,0,10.44030651,0.291456794,12.20655562,0.610725964,16.40121947,0.915100701,44.27188724,1.249045772,42,1.570796327
58,85,-1.570796327,23,-1.570796327,29.41088234,-1.259798046,34.40930107,-0.950546841,55.21775077,-0.618144226,56.92099788,-0.321750554,84,0,10.44030651,0.291456794,12.20655562,0.610725964,16.40121947,0.915100701,44.27188724,1.249045772,42,1.570796327
58,84,-1.570796327,28,-1.570796327,29.41088234,-1.259798046,34.40930107,-0.950546841,54.40588203,-0.628796286,56.92099788,-0.321750554,83,0,9.486832981,0.321750554,10.81665383,0.588002604,15,0.927295218,44.27188724,1.249045772,42,1.570796327
58,83,-1.570796327,28,-1.570796327,29.41088234,-1.259798046,34.40930107,-0.950546841,53.00943312,-0.624635423,83.16850365,-0.317948291,82,0,8.246211251,0.244978663,10,0.643501109,12.80624847,0.896055385,44.27188724,1.249045772,42,1.570796327
58,82,-1.570796327,28,-1.570796327,29.41088234,-1.259798046,34.40930107,-0.950546841,51.6139516,-0.620249486,83.16850365,-0.317948291,81,0,7.280109889,0.278299659,8.602325267,0.620249486,11.40175425,0.909753158,44.27188724,1.249045772,42,1.570796327
58,81,-1.570796327,28,-1.570796327,29.41088234,-1.259798046,34.40930107,-0.950546841,50.80354318,-0.631690634,83.16850365,-0.317948291,80,0,6.32455532,0.321750554,7.211102551,0.588002604,10,0.927295218,18.02775638,1.231503712,42,1.570796327
58,80,-1.570796327,28,-1.570796327,29.41088234,-1.259798046,33.60059523,-0.933247529,49.40647731,-0.627308192,83.16850365,-0.317948291,79,0,5.385164807,0.380506377,5.830951895,0.5404195,7.810249676,0.876058051,14.86606875,1.227772386,42,1.570796327
58,79,-1.570796327,28,-1.570796327,29.41088234,-1.259798046,32.20248438,-0.939716939,48.01041554,-0.622670789,81.90848552,-0.310168061,78,0,61.98386887,0.311546827,5,0.643501109,6.403124237,0.896055385,11.70469991,1.222025323,42,1.570796327
58,78,-1.570796327,28,-1.570796327,29.41088234,-1.259798046,30,-0.927295218,46.61544808,-0.617755726,80.95677859,-0.313938213,77,0,61.03277808,0.316569254,3.605551275,0.588002604,5,0.927295218,8.544003745,1.212025657,42,1.570796327
58,77,-1.570796327,28,-1.570796327,29.41088234,-1.259798046,28.60069929,-0.934288111,45.80392996,-0.630401421,80.00624976,-0.317798006,76,0,59.77457654,0.305878871,2.828427125,0.785398163,2.828427125,0.785398163,5.385164807,1.19028995,42,1.570796327
58,76,-1.570796327,28,-1.570796327,29.41088234,-1.259798046,28.01785145,-0.962994331,44.40720662,-0.62548504,78.74642849,-0.309702945,75,0,58.82176468,0.310998281,70.80254233,0.635026735,2.236067977,1.107148718,2.236067977,1.107148718,42,1.570796327
58,75,-1.570796327,28,-1.570796327,29.41088234,-1.259798046,70.21395873,-0.947235595,43.01162634,-0.620249486,77.79460136,-0.313620652,74,0,57.87054518,0.316286128,70.80254233,0.635026735,20.80865205,0.956133375,17.72004515,1.284744885,2,1.570796327
58,74,-1.570796327,28,-1.570796327,29.41088234,-1.259798046,70.21395873,-0.947235595,41.61730409,-0.614662952,76.84399781,-0.317635351,73,0,56.61271942,0.304992347,70.80254233,0.635026735,20.80865205,0.956133375,17.72004515,1.284744885,17,1.570796327
58,73,-1.570796327,28,-1.570796327,29.41088234,-1.259798046,70.21395873,-0.947235595,40.80441153,-0.628796286,75.58438992,-0.309198912,72,0,55.6596802,0.310387407,70.80254233,0.635026735,20.80865205,0.956133375,17.72004515,1.284744885,17,1.570796327
58,72,-1.570796327,28,-1.570796327,29.41088234,-1.259798046,70.21395873,-0.947235595,39.40812099,-0.62319933,74.63243263,-0.313276181,71,0,54.70831747,0.315970272,70.80254233,0.635026735,20.80865205,0.956133375,17.72004515,1.284744885,17,1.570796327
58,71,-1.570796327,28,-1.570796327,29.41088234,-1.259798046,70.21395873,-0.947235595,38.01315562,-0.617191392,73.68174808,-0.317458735,70,0,53.45091206,0.304000939,70.80254233,0.635026735,51.6139516,0.950546841,17.72004515,1.284744885,17,1.570796327
58,70,-1.570796327,28,-1.570796327,29.41088234,-1.259798046,70.21395873,-0.947235595,37.20215048,-0.632748835,72.42237223,-0.308650867,69,0,52.49761899,0.309702945,70.80254233,0.635026735,51.6139516,0.950546841,17.72004515,1.284744885,17,1.570796327
58,69,-1.570796327,28,-1.570796327,27.51363298,-1.237552026,70.21395873,-0.947235595,35.80502758,-0.626742901,71.47027354,-0.312901228,68,0,51.54609588,0.315615662,70.80254233,0.635026735,51.6139516,0.950546841,17.72004515,1.284744885,17,1.570796327
58,68,-1.570796327,28,-1.570796327,24.35159132,-1.236059489,47.20169488,-0.935769591,34.40930107,-0.620249486,70.51950085,-0.31726628,67,0,50.28916384,0.302884868,70.80254233,0.635026735,51.6139516,0.950546841,17.72004515,1.284744885,17,1.570796327
58,67,-1.570796327,28,-1.570796327,24.04163056,-1.27535549,45.80392996,-0.940394905,33.01514804,-0.613207349,69.26037828,-0.308052781,66,0,49.33558553,0.308930744,70.80254233,0.635026735,51.6139516,0.950546841,17.72004515,1.284744885,17,1.570796327
58,66,-1.570796327,28,-1.570796327,59.77457654,-1.264917455,43.60045871,-0.931882342,32.20248438,-0.631079387,68.30812543,-0.31249156,65,0,48.38388161,0.3152147,70.80254233,0.635026735,51.6139516,0.950546841,17.72004515,1.284744885,17,1.570796327
58,65,-1.570796327,28,-1.570796327,59.77457654,-1.264917455,42.20189569,-0.936773607,30.8058436,-0.624023053,67.35725648,-0.317055753,64,0,47.12748667,0.301619046,70.80254233,0.635026735,51.6139516,0.950546841,17.72004515,1.284744885,17,1.570796327
58,64,-1.570796327,28,-1.570796327,59.77457654,-1.264917455,40.80441153,-0.94200004,30,-0.643501109,66.09841148,-0.307397473,63,0,46.17358552,0.308052781,70.80254233,0.635026735,51.6139516,0.950546841,44.27188724,1.249045772,17,1.570796327
58,63,-1.570796327,28,-1.570796327,59.77457654,-1.264917455,38.60051813,-0.932476519,30,-0.643501109,65.1459899,-0.312042122,62,0,45.22167622,0.314757661,70.80254233,0.635026735,51.6139516,0.950546841,41.10960958,1.249045772,17,1.570796327
58,62,-1.570796327,28,-1.570796327,59.77457654,-1.264917455,37.20215048,-0.938047492,30,-0.643501109,64.19501538,-0.316824486,61,0,44.27188724,0.321750554,70.80254233,0.635026735,51.6139516,0.950546841,37,1.240498972,17,1.570796327
58,61,-1.570796327,28,-1.570796327,59.77457654,-1.264917455,35,-0.927295218,30,-0.643501109,62.93647591,-0.306676319,60,0,43.01162634,0.307045732,70.80254233,0.635026735,51.6139516,0.950546841,33.83784863,1.23970025,17,1.570796327
58,60,-1.570796327,23,-1.570796327,59.77457654,-1.264917455,33.60059523,-0.933247529,30,-0.643501109,61.98386887,-0.311546827,59,0,42.05948169,0.314231899,70.80254233,0.635026735,51.6139516,0.950546841,33.52610923,1.267911458,17,1.570796327
58,59,-1.570796327,57,-1.570796327,59.77457654,-1.264917455,32.20248438,-0.939716939,30,-0.643501109,61.03277808,-0.316569254,58,0,41.10960958,0.321750554,70.80254233,0.635026735,51.6139516,0.950546841,44.27188724,1.249045772,42,1.570796327
58,58,-1.570796327,57,-1.570796327,59.77457654,-1.264917455,30,-0.927295218,30,-0.643501109,59.77457654,-0.305878871,57,0,39.84971769,0.305878871,46.61544808,0.617755726,51.6139516,0.950546841,44.27188724,1.249045772,42,1.570796327
58,57,-1.570796327,57,-1.570796327,59.77457654,-1.264917455,28.60069929,-0.934288111,30,-0.643501109,58.82176468,-0.310998281,56,0,38.89730068,0.313620652,45.80392996,0.630401421,51.6139516,0.950546841,44.27188724,1.249045772,42,1.570796327
58,56,-1.570796327,57,-1.570796327,59.77457654,-1.264917455,27.20294102,-0.94200004,30,-0.643501109,57.87054518,-0.316286128,55,0,37.94733192,0.321750554,44.40720662,0.62548504,51.6139516,0.950546841,44.27188724,1.249045772,42,1.570796327
58,55,-1.570796327,57,-1.570796327,59.77457654,-1.264917455,25,-0.927295218,30,-0.643501109,56.92099788,-0.321750554,54,0,37,0.330297355,43.01162634,0.620249486,51.6139516,0.950546841,44.27188724,1.249045772,42,1.570796327
58,54,-1.570796327,57,-1.570796327,59.77457654,-1.264917455,23.60084744,-0.935769591,30,-0.643501109,NaN,NaN,53,0,37,0.330297355,41.61730409,0.614662952,51.6139516,0.950546841,44.27188724,1.249045772,42,1.570796327
58,53,-1.570796327,57,-1.570796327,59.77457654,-1.264917455,22.20360331,-0.945311287,64.40496875,-0.631079387,NaN,NaN,52,0,37,0.330297355,40.80441153,0.628796286,51.6139516,0.950546841,44.27188724,1.249045772,42,1.570796327
58,52,-1.570796327,57,-1.570796327,37,-1.240498972,22.20360331,-0.945311287,63.00793601,-0.627629426,NaN,NaN,51,0,37,0.330297355,39.40812099,0.62319933,51.6139516,0.950546841,44.27188724,1.249045772,42,1.570796327
58,51,-1.570796327,57,-1.570796327,33.83784863,-1.23970025,22.20360331,-0.945311287,61.6116872,-0.624023053,NaN,NaN,50,0,37,0.330297355,38.01315562,0.617191392,51.6139516,0.950546841,44.27188724,1.249045772,42,1.570796327
58,50,-1.570796327,57,-1.570796327,30.6757233,-1.238736859,22.20360331,-0.945311287,60.21627687,-0.620249486,NaN,NaN,49,0,37,0.330297355,37.20215048,0.632748835,51.6139516,0.950546841,44.27188724,1.249045772,32,1.570796327
58,49,-1.570796327,57,-1.570796327,27.51363298,-1.237552026,22.20360331,-0.945311287,59.40538696,-0.63003391,NaN,NaN,48,0,50.28916384,0.302884868,35.80502758,0.626742901,51.6139516,0.950546841,44.27188724,1.249045772,42,1.570796327
58,48,-1.570796327,57,-1.570796327,24.35159132,-1.236059489,22.20360331,-0.945311287,58.00862005,-0.626261438,NaN,NaN,47,0,49.33558553,0.308930744,34.40930107,0.620249486,51.6139516,0.950546841,44.27188724,1.249045772,42,1.570796327
58,47,-1.570796327,57,-1.570796327,21.1896201,-1.234121507,22.20360331,-0.945311287,56.61271942,-0.622302871,NaN,NaN,46,0,48.38388161,0.3152147,33.01514804,0.613207349,51.6139516,0.950546841,44.27188724,1.249045772,42,1.570796327
58,46,-1.570796327,57,-1.570796327,18.97366596,-1.249045772,22.20360331,-0.945311287,44.40720662,-0.62548504,NaN,NaN,45,0,47.12748667,0.301619046,32.20248438,0.631079387,51.6139516,0.950546841,44.27188724,1.249045772,42,1.570796327
58,45,-1.570796327,57,-1.570796327,18.97366596,-1.249045772,22.20360331,-0.945311287,43.60045871,-0.638913985,NaN,NaN,44,0,46.17358552,0.308052781,30.8058436,0.624023053,51.6139516,0.950546841,44.27188724,1.249045772,42,1.570796327
58,44,-1.570796327,57,-1.570796327,18.97366596,-1.249045772,22.20360331,-0.945311287,43.60045871,-0.638913985,NaN,NaN,43,0,45.22167622,0.314757661,29.41088234,0.616296937,51.6139516,0.950546841,44.27188724,1.249045772,42,1.570796327
58,43,-1.570796327,57,-1.570796327,18.97366596,-1.249045772,22.20360331,-0.945311287,43.60045871,-0.638913985,NaN,NaN,42,0,44.27188724,0.321750554,28.01785145,0.607801996,51.6139516,0.950546841,44.27188724,1.249045772,42,1.570796327
58,42,-1.570796327,57,-1.570796327,18.97366596,-1.249045772,69.4046108,-0.938822085,43.60045871,-0.638913985,NaN,NaN,41,0,43.01162634,0.307045732,27.20294102,0.628796286,51.6139516,0.950546841,44.27188724,1.249045772,42,1.570796327
58,41,-1.570796327,57,-1.570796327,18.97366596,-1.249045772,68.00735254,-0.94200004,43.60045871,-0.638913985,NaN,NaN,40,0,42.05948169,0.314231899,25.8069758,0.620249486,51.6139516,0.950546841,44.27188724,1.249045772,42,1.570796327
58,40,-1.570796327,18,-1.570796327,18.97366596,-1.249045772,65.80273551,-0.936413506,43.60045871,-0.638913985,NaN,NaN,39,0,41.10960958,0.321750554,24.41311123,0.610725964,33.60059523,0.933247529,44.27188724,1.249045772,42,1.570796327
58,39,-1.570796327,18,-1.570796327,18.97366596,-1.249045772,64.40496875,-0.939716939,43.60045871,-0.638913985,NaN,NaN,38,0,39.84971769,0.305878871,23.60084744,0.635026735,32.20248438,0.939716939,44.27188724,1.249045772,42,1.570796327
58,38,-1.570796327,18,-1.570796327,18.97366596,-1.249045772,62.20128616,-0.933725998,43.60045871,-0.638913985,NaN,NaN,37,0,38.89730068,0.313620652,22.20360331,0.62548504,30,0.927295218,44.27188724,1.249045772,42,1.570796327
58,37,-1.570796327,18,-1.570796327,18.97366596,-1.249045772,60.80296045,-0.937163319,43.60045871,-0.638913985,NaN,NaN,36,0,37.94733192,0.321750554,20.80865205,0.614662952,28.60069929,0.934288111,44.27188724,1.249045772,42,1.570796327
58,36,-1.570796327,18,-1.570796327,18.97366596,-1.249045772,59.40538696,-0.940762417,43.01162634,-0.620249486,NaN,NaN,35,0,36.68787266,0.304510883,20,0.643501109,27.20294102,0.94200004,44.27188724,1.249045772,42,1.570796327
58,35,-1.570796327,18,-1.570796327,59.77457654,-1.264917455,57.20139858,-0.934288111,41.61730409,-0.614662952,NaN,NaN,34,0,35.73513677,0.312901228,20,0.643501109,25,0.927295218,44.27188724,1.249045772,42,1.570796327
58,34,-1.570796327,18,-1.570796327,59.77457654,-1.264917455,55.80322571,-0.938047492,40.80441153,-0.628796286,NaN,NaN,33,0,34.78505426,0.321750554,20,0.643501109,23.60084744,0.935769591,44.27188724,1.249045772,42,1.570796327
58,33,-1.570796327,18,-1.570796327,59.77457654,-1.264917455,54.40588203,-0.94200004,39.40812099,-0.62319933,NaN,NaN,32,0,33.52610923,0.302884868,20,0.643501109,21.40093456,0.917949696,44.27188724,1.249045772,42,1.570796327
58,32,-1.570796327,18,-1.570796327,59.77457654,-1.264917455,52.20153254,-0.934957903,38.01315562,-0.617191392,NaN,NaN,31,0,32.57299495,0.312042122,20,0.643501109,20,0.927295218,44.27188724,1.249045772,42,1.570796327
58,31,-1.570796327,18,-1.570796327,59.77457654,-1.264917455,50.80354318,-0.939105692,37.20215048,-0.632748835,NaN,NaN,30,0,31.6227766,0.321750554,20,0.643501109,18.60107524,0.938047492,44.27188724,1.249045772,42,1.570796327
58,30,-1.570796327,18,-1.570796327,59.77457654,-1.264917455,48.60041152,-0.931410421,35.80502758,-0.626742901,NaN,NaN,29,0,30.3644529,0.300920234,35.80502758,0.626742901,16.40121947,0.915100701,44.27188724,1.249045772,42,1.570796327
58,29,-1.570796327,57,-1.570796327,59.77457654,-1.264917455,32.20248438,-0.939716939,34.40930107,-0.620249486,NaN,NaN,28,0,29.41088234,0.310998281,34.40930107,0.620249486,15,0.927295218,27.51363298,1.237552026,42,1.570796327
58,28,-1.570796327,57,-1.570796327,59.77457654,-1.264917455,32.20248438,-0.939716939,33.01514804,-0.613207349,NaN,NaN,27,0,28.46049894,0.321750554,33.01514804,0.613207349,14.4222051,0.982793723,24.35159132,1.236059489,42,1.570796327
58,27,-1.570796327,57,-1.570796327,59.77457654,-1.264917455,32.20248438,-0.939716939,32.20248438,-0.631079387,NaN,NaN,26,0,27.20294102,0.298498932,32.20248438,0.631079387,14.4222051,0.982793723,21.1896201,1.234121507,42,1.570796327
58,26,-1.570796327,57,-1.570796327,59.77457654,-1.264917455,32.20248438,-0.939716939,30.8058436,-0.624023053,NaN,NaN,25,0,26.2488095,0.309702945,30.8058436,0.624023053,14.4222051,0.982793723,18.02775638,1.231503712,42,1.570796327
58,25,-1.570796327,57,-1.570796327,59.77457654,-1.264917455,32.20248438,-0.939716939,30,-0.643501109,NaN,NaN,24,0,25.29822128,0.321750554,29.41088234,0.616296937,14.4222051,0.982793723,14.86606875,1.227772386,42,1.570796327
58,24,-1.570796327,57,-1.570796327,59.77457654,-1.264917455,32.20248438,-0.939716939,NaN,NaN,NaN,NaN,23,0,24.04163056,0.295440837,28.01785145,0.607801996,14.4222051,0.982793723,12.64911064,1.249045772,42,1.570796327
58,23,-1.570796327,57,-1.570796327,59.77457654,-1.264917455,32.20248438,-0.939716939,NaN,NaN,NaN,NaN,22,0,23.08679276,0.308052781,27.20294102,0.628796286,14.4222051,0.982793723,12.64911064,1.249045772,42,1.570796327
58,22,-1.570796327,57,-1.570796327,59.77457654,-1.264917455,32.20248438,-0.939716939,NaN,NaN,NaN,NaN,21,0,22.13594362,0.321750554,25.8069758,0.620249486,35,0.927295218,12.64911064,1.249045772,42,1.570796327
58,21,-1.570796327,57,-1.570796327,59.77457654,-1.264917455,32.20248438,-0.939716939,NaN,NaN,NaN,NaN,20,0,20.88061302,0.291456794,24.41311123,0.610725964,33.60059523,0.933247529,12.64911064,1.249045772,42,1.570796327
58,20,-1.570796327,57,-1.570796327,59.77457654,-1.264917455,32.20248438,-0.939716939,NaN,NaN,NaN,NaN,19,0,19.92485885,0.305878871,23.60084744,0.635026735,32.20248438,0.939716939,12.64911064,1.249045772,12,1.570796327
58,19,-1.570796327,57,-1.570796327,27.51363298,-1.237552026,30,-0.927295218,NaN,NaN,NaN,NaN,18,0,18.97366596,0.321750554,22.20360331,0.62548504,30,0.927295218,12.64911064,1.249045772,12,1.570796327
58,18,-1.570796327,57,-1.570796327,27.20294102,-1.272297395,28.60069929,-0.934288111,NaN,NaN,NaN,NaN,17,0,17.72004515,0.286051442,20.80865205,0.614662952,28.60069929,0.934288111,44.27188724,1.249045772,12,1.570796327
58,17,-1.570796327,57,-1.570796327,27.20294102,-1.272297395,27.20294102,-0.94200004,NaN,NaN,NaN,NaN,16,0,16.76305461,0.302884868,19.41648784,0.602287346,27.20294102,0.94200004,44.27188724,1.249045772,12,1.570796327
58,16,-1.570796327,57,-1.570796327,27.20294102,-1.272297395,25,-0.927295218,NaN,NaN,NaN,NaN,15,0,15.8113883,0.321750554,18.60107524,0.632748835,25,0.927295218,44.27188724,1.249045772,12,1.570796327
58,15,-1.570796327,57,-1.570796327,27.20294102,-1.272297395,23.60084744,-0.935769591,NaN,NaN,NaN,NaN,14,0,14.56021978,0.278299659,17.20465053,0.620249486,23.60084744,0.935769591,44.27188724,1.249045772,12,1.570796327
58,14,-1.570796327,57,-1.570796327,27.20294102,-1.272297395,22.20360331,-0.945311287,NaN,NaN,NaN,NaN,13,0,13.60147051,0.298498932,15.8113883,0.605544664,21.40093456,0.917949696,41.10960958,1.249045772,42,1.570796327
58,13,-1.570796327,57,-1.570796327,27.20294102,-1.272297395,NaN,NaN,NaN,NaN,NaN,NaN,12,0,12.64911064,0.321750554,14.4222051,0.588002604,20,0.927295218,37,1.240498972,42,1.570796327
58,12,-1.570796327,57,-1.570796327,27.20294102,-1.272297395,NaN,NaN,NaN,NaN,NaN,NaN,11,0,11.40175425,0.266252049,13.60147051,0.628796286,18.60107524,0.938047492,33.83784863,1.23970025,42,1.570796327
58,11,-1.570796327,57,-1.570796327,27.20294102,-1.272297395,NaN,NaN,NaN,NaN,NaN,NaN,10,0,10.44030651,0.291456794,12.20655562,0.610725964,16.40121947,0.915100701,30.6757233,1.238736859,42,1.570796327
58,10,-1.570796327,26,-1.570796327,27.20294102,-1.272297395,NaN,NaN,NaN,NaN,NaN,NaN,9,0,9.486832981,0.321750554,10.81665383,0.588002604,15,0.927295218,27.51363298,1.237552026,42,1.570796327
58,9,-1.570796327,26,-1.570796327,24.35159132,-1.236059489,NaN,NaN,NaN,NaN,8.246211251,-0.244978663,8,0,8.246211251,0.244978663,10,0.643501109,12.80624847,0.896055385,24.35159132,1.236059489,42,1.570796327
58,8,-1.570796327,26,-1.570796327,21.1896201,-1.234121507,NaN,NaN,NaN,NaN,7.280109889,-0.278299659,7,0,7.280109889,0.278299659,8.602325267,0.620249486,11.40175425,0.909753158,21.1896201,1.234121507,42,1.570796327
58,7,-1.570796327,26,-1.570796327,18.97366596,-1.249045772,NaN,NaN,NaN,NaN,6.32455532,-0.321750554,6,0,6.32455532,0.321750554,7.211102551,0.588002604,10,0.927295218,18.02775638,1.231503712,42,1.570796327
58,6,-1.570796327,26,-1.570796327,NaN,NaN,NaN,NaN,NaN,NaN,5.099019514,-0.19739556,5,0,5.099019514,0.19739556,5.830951895,0.5404195,7.810249676,0.876058051,14.86606875,1.227772386,42,1.570796327
58,5,-1.570796327,26,-1.570796327,NaN,NaN,NaN,NaN,NaN,NaN,4.123105626,-0.244978663,4,0,4.123105626,0.244978663,5,0.643501109,6.403124237,0.896055385,11.70469991,1.222025323,42,1.570796327
58,5,-1.570796327,26,-1.570796327,NaN,NaN,NaN,NaN,NaN,NaN,4.123105626,-0.244978663,4,0,4.123105626,0.244978663,5,0.643501109,6.403124237,0.896055385,11.70469991,1.222025323,42,1.570796327
58,5,-1.396263402,20.39607805,-1.547933692,NaN,NaN,NaN,NaN,4.472135955,-0.638180534,4,-0.174532925,4.123105626,0.070445738,4.472135955,0.289114684,5.656854249,0.610865238,8.062257748,0.877117287,25.3179778,1.237608139,42.57933771,1.561412079
58,5,-1.221730476,NaN,NaN,NaN,NaN,4.472135955,-0.812713459,4.123105626,-0.594044514,4,-0.34906585,4.123105626,-0.104087187,5,0.294435258,6.403124237,0.546989534,12.64911064,0.899979922,42.01190308,1.245535503,27.85677655,1.58890431
58,5,-1.047197551,NaN,NaN,NaN,NaN,4.472135955,-0.987246385,4,-0.523598776,4.123105626,-0.278620112,4.472135955,-0.059951167,5.656854249,0.261799388,8.94427191,0.583549942,33.24154028,0.926573883,42.95346319,1.258290884,19.72308292,1.578921618
58,5,-0.872664626,NaN,NaN,4.472135955,-1.16177931,4.123105626,-0.943110364,4,-0.698131701,4.123105626,-0.453153038,5,-0.054630592,7.211102551,0.284662022,14.56021978,0.594364967,42.10700654,0.943972091,26,1.267455746,15.62049935,1.567402902
58,5,-0.698131701,NaN,NaN,4.123105626,-1.117643289,4,-0.872664626,4.123105626,-0.627685963,4.472135955,-0.409017017,5.656854249,-0.087266463,9.848857802,0.279907371,42.10700654,0.626824236,43.17406629,0.931874882,18.02775638,1.286134304,18.43908891,1.560301755
58,5,-0.523598776,4.472135955,-1.51084516,4.123105626,-1.292176214,4,-1.047197551,4.472135955,-0.583549942,5,-0.403696442,7.211102551,-0.064403828,16.4924225,0.278620112,42.19004622,0.618550482,23.2594067,0.968017985,15.62049935,1.218337052,83.35466394,1.566320654
58,5,-0.34906585,4.123105626,-1.46670914,4,-1.221730476,4.123105626,-0.976751813,4.472135955,-0.758082867,6.403124237,-0.325675092,10.77032961,-0.031440527,42.01190308,0.325260824,43.68065934,0.627365509,17.20465053,0.969315336,19.20937271,1.245121235,100.9009415,1.57617157
58,5,-0.174532925,4.123105626,-1.641242065,4,-1.396263402,4.472135955,-0.932615793,5.656854249,-0.610865238,8.062257748,-0.344613189,20.39607805,-0.022862635,42.42640687,0.31642998,22.36067977,0.638180534,16.2788206,0.916480193,88.58893836,1.251387883,71.02112362,1.575550978
58,5,0,4,-1.570796327,4.123105626,-1.325817664,5,-0.927295218,6.403124237,-0.674740942,11.70469991,-0.348771004,42,0,44.27188724,0.321750554,16.40121947,0.655695626,55.21775077,0.952652101,99.92997548,1.255374802,95,1.570796327
58,5,0,4,-1.570796327,4.123105626,-1.325817664,5,-0.927295218,6.403124237,-0.674740942,11.70469991,-0.348771004,42,0,44.27188724,0.321750554,16.40121947,0.655695626,55.21775077,0.952652101,99.92997548,1.255374802,95,1.570796327
59,5,0,4,-1.570796327,4.123105626,-1.325817664,5,-0.927295218,6.403124237,-0.674740942,11.70469991,-0.348771004,41,0,43.01162634,0.307045732,16.40121947,0.655695626,18.60107524,0.938047492,99.92997548,1.255374802,95,1.570796327
60,5,0,4,-1.570796327,4.123105626,-1.325817664,5,-0.927295218,6.403124237,-0.674740942,11.70469991,-0.348771004,40,0,42.05948169,0.314231899,16.40121947,0.655695626,16.40121947,0.915100701,99.92997548,1.255374802,70,1.570796327
61,5,0,4,-1.570796327,4.123105626,-1.325817664,5,-0.927295218,6.403124237,-0.674740942,11.70469991,-0.348771004,39,0,41.10960958,0.321750554,16.40121947,0.655695626,15,0.927295218,99.92997548,1.255374802,70,1.570796327
62,5,0,4,-1.570796327,4.123105626,-1.325817664,5,-0.927295218,6.403124237,-0.674740942,11.70469991,-0.348771004,38,0,39.84971769,0.305878871,16.40121947,0.655695626,12.80624847,0.896055385,99.92997548,1.255374802,70,1.570796327
63,5,0,4,-1.570796327,4.123105626,-1.325817664,5,-0.927295218,6.403124237,-0.674740942,11.70469991,-0.348771004,37,0,38.89730068,0.313620652,16.40121947,0.655695626,12.20655562,0.960070362,99.92997548,1.255374802,70,1.570796327
64,5,0,4,-1.570796327,4.123105626,-1.325817664,5,-0.927295218,6.403124237,-0.674740942,11.70469991,-0.348771004,36,0,37.94733192,0.321750554,16.40121947,0.655695626,12.20655562,0.960070362,99.92997548,1.255374802,70,1.570796327
65,5,0,4,-1.570796327,4.123105626,-1.325817664,5,-0.927295218,6.403124237,-0.674740942,11.70469991,-0.348771004,35,0,36.68787266,0.304510883,16.40121947,0.655695626,12.20655562,0.960070362,14.86606875,1.227772386,70,1.570796327
66,5,0,4,-1.570796327,4.123105626,-1.325817664,5,-0.927295218,6.403124237,-0.674740942,11.70469991,-0.348771004,34,0,35.73513677,0.312901228,16.40121947,0.655695626,12.20655562,0.960070362,11.70469991,1.222025323,70,1.570796327
67,5,0,4,-1.570796327,4.123105626,-1.325817664,5,-0.927295218,6.403124237,-0.674740942,11.70469991,-0.348771004,33,0,34.78505426,0.321750554,16.40121947,0.655695626,12.20655562,0.960070362,10.44030651,1.279339532,70,1.570796327
68,5,0,4,-1.570796327,4.123105626,-1.325817664,5,-0.927295218,6.403124237,-0.674740942,11.70469991,-0.348771004,32,0,33.52610923,0.302884868,16.40121947,0.655695626,12.20655562,0.960070362,10.44030651,1.279339532,70,1.570796327
69,5,0,4,-1.570796327,4.123105626,-1.325817664,5,-0.927295218,6.403124237,-0.674740942,11.70469991,-0.348771004,31,0,32.57299495,0.312042122,16.40121947,0.655695626,12.20655562,0.960070362,10.44030651,1.279339532,70,1.570796327
70,5,0,4,-1.570796327,4.123105626,-1.325817664,5,-0.927295218,6.403124237,-0.674740942,11.70469991,-0.348771004,30,0,31.6227766,0.321750554,16.40121947,0.655695626,12.20655562,0.960070362,10.44030651,1.279339532,10,1.570796327
71,5,0,4,-1.570796327,4.123105626,-1.325817664,5,-0.927295218,6.403124237,-0.674740942,11.70469991,-0.348771004,29,0,30.3644529,0.300920234,16.40121947,0.655695626,12.20655562,0.960070362,10.44030651,1.279339532,10,1.570796327
72,5,0,4,-1.570796327,4.123105626,-1.325817664,5,-0.927295218,6.403124237,-0.674740942,11.70469991,-0.348771004,28,0,29.41088234,0.310998281,16.40121947,0.655695626,12.20655562,0.960070362,10.44030651,1.279339532,10,1.570796327
73,5,0,4,-1.570796327,4.123105626,-1.325817664,5,-0.927295218,6.403124237,-0.674740942,11.70469991,-0.348771004,27,0,28.46049894,0.321750554,33.01514804,0.613207349,12.20655562,0.960070362,10.44030651,1.279339532,10,1.570796327
74,5,0,4,-1.570796327,4.123105626,-1.325817664,5,-0.927295218,6.403124237,-0.674740942,11.70469991,-0.348771004,26,0,27.20294102,0.298498932,32.20248438,0.631079387,12.20655562,0.960070362,10.44030651,1.279339532,10,1.570796327
75,5,0,4,-1.570796327,4.123105626,-1.325817664,5,-0.927295218,6.403124237,-0.674740942,11.70469991,-0.348771004,25,0,26.2488095,0.309702945,30.8058436,0.624023053,12.20655562,0.960070362,10.44030651,1.279339532,10,1.570796327
76,5,0,4,-1.570796327,4.123105626,-1.325817664,5,-0.927295218,6.403124237,-0.674740942,11.70469991,-0.348771004,24,0,25.29822128,0.321750554,29.41088234,0.616296937,12.20655562,0.960070362,10.44030651,1.279339532,10,1.570796327
77,5,0,4,-1.570796327,4.123105626,-1.325817664,5,-0.927295218,6.403124237,-0.674740942,11.70469991,-0.348771004,23,0,24.04163056,0.295440837,28.01785145,0.607801996,12.20655562,0.960070362,10.44030651,1.279339532,10,1.570796327
78,5,0,4,-1.570796327,4.123105626,-1.325817664,5,-0.927295218,6.403124237,-0.674740942,11.70469991,-0.348771004,22,0,23.08679276,0.308052781,27.20294102,0.628796286,12.20655562,0.960070362,10.44030651,1.279339532,10,1.570796327
79,5,0,4,-1.570796327,4.123105626,-1.325817664,5,-0.927295218,6.403124237,-0.674740942,11.70469991,-0.348771004,21,0,22.13594362,0.321750554,25.8069758,0.620249486,35,0.927295218,10.44030651,1.279339532,10,1.570796327
80,5,0,4,-1.570796327,4.123105626,-1.325817664,5,-0.927295218,6.403124237,-0.674740942,11.70469991,-0.348771004,20,0,20.88061302,0.291456794,24.41311123,0.610725964,33.60059523,0.933247529,10.44030651,1.279339532,10,1.570796327
81,5,0,4,-1.570796327,4.123105626,-1.325817664,5,-0.927295218,6.403124237,-0.674740942,11.70469991,-0.348771004,19,0,19.92485885,0.305878871,23.60084744,0.635026735,32.20248438,0.939716939,10.44030651,1.279339532,10,1.570796327
82,5,0,4,-1.570796327,4.123105626,-1.325817664,5,-0.927295218,6.403124237,-0.674740942,11.70469991,-0.348771004,18,0,18.97366596,0.321750554,22.20360331,0.62548504,30,0.927295218,10.44030651,1.279339532,10,1.570796327
83,5,0,4,-1.570796327,4.123105626,-1.325817664,5,-0.927295218,6.403124237,-0.674740942,11.70469991,-0.348771004,17,0,17.72004515,0.286051442,20.80865205,0.614662952,28.60069929,0.934288111,47.12748667,1.269177281,10,1.570796327
84,5,0,4,-1.570796327,4.123105626,-1.325817664,5,-0.927295218,6.403124237,-0.674740942,11.70469991,-0.348771004,16,0,16.76305461,0.302884868,19.41648784,0.602287346,27.20294102,0.94200004,47.12748667,1.269177281,10,1.570796327
85,5,0,4,-1.570796327,4.123105626,-1.325817664,5,-0.927295218,6.403124237,-0.674740942,11.70469991,-0.348771004,15,0,15.8113883,0.321750554,18.60107524,0.632748835,25,0.927295218,47.12748667,1.269177281,10,1.570796327
86,5,0,4,-1.570796327,4.123105626,-1.325817664,5,-0.927295218,6.403124237,-0.674740942,11.70469991,-0.348771004,14,0,14.56021978,0.278299659,17.20465053,0.620249486,23.60084744,0.935769591,44.27188724,1.249045772,95,1.570796327
87,5,0,4,-1.570796327,4.123105626,-1.325817664,5,-0.927295218,6.403124237,-0.674740942,11.70469991,-0.348771004,13,0,13.60147051,0.298498932,15.8113883,0.605544664,21.40093456,0.917949696,41.10960958,1.249045772,95,1.570796327
88,5,0,4,-1.570796327,4.123105626,-1.325817664,5,-0.927295218,6.403124237,-0.674740942,11.70469991,-0.348771004,12,0,12.64911064,0.321750554,14.4222051,0.588002604,20,0.927295218,37,1.240498972,95,1.570796327
89,5,0,4,-1.570796327,4.123105626,-1.325817664,5,-0.927295218,6.403124237,-0.674740942,11.40175425,-0.266252049,11,0,11.40175425,0.266252049,13.60147051,0.628796286,18.60107524,0.938047492,33.83784863,1.23970025,95,1.570796327
90,5,0,4,-1.570796327,4.123105626,-1.325817664,5,-0.927295218,6.403124237,-0.674740942,10.44030651,-0.291456794,10,0,10.44030651,0.291456794,12.20655562,0.610725964,16.40121947,0.915100701,30.6757233,1.238736859,45,1.570796327
91,5,0,4,-1.570796327,4.123105626,-1.325817664,5,-0.927295218,6.403124237,-0.674740942,9.486832981,-0.321750554,9,0,9.486832981,0.321750554,10.81665383,0.588002604,15,0.927295218,27.51363298,1.237552026,45,1.570796327
92,5,0,4,-1.570796327,4.123105626,-1.325817664,5,-0.927295218,6.403124237,-0.674740942,8.246211251,-0.244978663,8,0,8.246211251,0.244978663,10,0.643501109,12.80624847,0.896055385,24.35159132,1.236059489,45,1.570796327
93,5,0,4,-1.570796327,4.123105626,-1.325817664,5,-0.927295218,6.403124237,-0.674740942,7.280109889,-0.278299659,7,0,7.280109889,0.278299659,8.602325267,0.620249486,11.40175425,0.909753158,21.1896201,1.234121507,45,1.570796327
94,5,0,4,-1.570796327,4.123105626,-1.325817664,5,-0.927295218,6.403124237,-0.674740942,6.32455532,-0.321750554,6,0,6.32455532,0.321750554,7.211102551,0.588002604,10,0.927295218,18.02775638,1.231503712,45,1.570796327
95,5,0,4,-1.570796327,4.123105626,-1.325817664,5,-0.927295218,5.830951895,-0.5404195,5.099019514,-0.19739556,5,0,5.099019514,0.19739556,5.830951895,0.5404195,7.810249676,0.876058051,14.86606875,1.227772386,45,1.570796327
95,5,0,4,-1.570796327,4.123105626,-1.325817664,5,-0.927295218,5.830951895,-0.5404195,5.099019514,-0.19739556,5,0,5.099019514,0.19739556,5.830951895,0.5404195,7.810249676,0.876058051,14.86606875,1.227772386,45,1.570796327
95,5,0.174532925,4.123105626,-1.500350589,4.472135955,-1.281681643,5.656854249,-0.959931089,5.385164807,-0.555039302,5.099019514,-0.371928485,5.099019514,0.022862635,5.385164807,0.205973452,7.071067812,0.610865238,10.29563014,0.889164897,32.38826948,1.24126666,NaN,NaN
95,5,0.34906585,4.123105626,-1.674883514,5,-1.276361068,5.830951895,-0.889485351,5.099019514,-0.54646141,5,-0.34906585,5.385164807,0.031440527,6.403124237,0.325675092,8.602325267,0.60148099,16.76305461,0.918845608,45.01110974,1.243949042,58.52349955,1.57050148
95,5,0.523598776,4.472135955,-1.630747493,5.656854249,-1.308996939,5.385164807,-0.904105153,5,-0.523598776,5.099019514,-0.326203216,5.830951895,0.016820725,7.071067812,0.261799388,11.18033989,0.583549942,42.29657197,0.928707592,NaN,NaN,109.772492,1.571993323
95,5,0.698131701,5,-1.625426919,5.830951895,-1.238551201,5.099019514,-0.895527261,5,-0.698131701,5.385164807,-0.317625324,6.403124237,-0.023390759,8.602325267,0.25241514,18.68154169,0.601717776,45.09988914,0.93923279,75.3923073,1.253171003,14.86606875,1.610479686
95,5,0.872664626,5.656854249,-1.658062789,5.385164807,-1.253171003,5,-0.872664626,5.099019514,-0.675269066,5.830951895,-0.332245126,7.810249676,0.003393425,12.08304597,0.271504208,45.09988914,0.631563537,NaN,NaN,18.02775638,1.286134304,14.86606875,1.531112967
95,5,1.047197551,5.830951895,-1.587617051,5.099019514,-1.244593111,5,-1.047197551,5.385164807,-0.666691174,6.403124237,-0.372456609,9.433981132,-0.03500054,21.58703314,0.289855595,45.27692569,0.634255997,76.55716818,0.940496846,14.86606875,1.261413836,19.72308292,1.562671035
95,5,1.221730476,5.385164807,-1.602236854,5,-1.221730476,5.099019514,-1.024334917,5.830951895,-0.681310976,7.810249676,-0.345672426,13,-0.045725269,45.01110974,0.326847285,70.88018059,0.635117292,17.20465053,0.969315336,15.62049935,1.225123901,71.51223672,1.562728167
95,5,1.396263402,5.099019514,-1.593658961,5.099019514,-1.198867842,5.385164807,-1.015757024,6.403124237,-0.721522459,10.29563014,-0.332565579,25.49509757,-0.022862635,NaN,NaN,77.82030583,0.626686787,14.14213562,0.959931089,20.59126028,1.238230748,95.35197953,1.576732312
95,5,1.570796327,5,-1.570796327,5.099019514,-1.373400767,5.830951895,-1.030376827,7.810249676,-0.694738276,14.86606875,-0.34302394,45,0,63.2455532,0.321750554,16.40121947,0.655695626,16.40121947,0.915100701,98.67117107,1.261865583,63,1.570796327
95,5,1.570796327,5,-1.570796327,5.099019514,-1.373400767,5.830951895,-1.030376827,7.810249676,-0.694738276,14.86606875,-0.34302394,45,0,63.2455532,0.321750554,16.40121947,0.655695626,16.40121947,0.915100701,98.67117107,1.261865583,63,1.570796327
95,6,1.570796327,5,-1.570796327,5.099019514,-1.373400767,5.830951895,-1.030376827,7.810249676,-0.694738276,14.86606875,-0.34302394,44,0,63.2455532,0.321750554,16.40121947,0.655695626,15,0.927295218,75.89466384,1.249045772,63,1.570796327
95,7,1.570796327,5,-1.570796327,5.099019514,-1.373400767,5.830951895,-1.030376827,7.810249676,-0.694738276,14.86606875,-0.34302394,43,0,63.2455532,0.321750554,16.40121947,0.655695626,12.80624847,0.896055385,24.35159132,1.236059489,63,1.570796327
95,8,1.570796327,5,-1.570796327,5.099019514,-1.373400767,5.830951895,-1.030376827,7.810249676,-0.694738276,14.86606875,-0.34302394,42,0,63.2455532,0.321750554,113.8112472,0.629442281,12.20655562,0.960070362,21.1896201,1.234121507,63,1.570796327
95,9,1.570796327,5,-1.570796327,5.099019514,-1.373400767,5.830951895,-1.030376827,7.810249676,-0.694738276,14.86606875,-0.34302394,41,0,63.2455532,0.321750554,112.4144119,0.627488243,12.20655562,0.960070362,18.02775638,1.231503712,63,1.570796327
95,10,1.570796327,5,-1.570796327,5.099019514,-1.373400767,5.830951895,-1.030376827,7.810249676,-0.694738276,14.86606875,-0.34302394,40,0,63.2455532,0.321750554,111.0180166,0.62548504,12.20655562,0.960070362,14.86606875,1.227772386,63,1.570796327
95,11,1.570796327,5,-1.570796327,5.099019514,-1.373400767,5.830951895,-1.030376827,7.810249676,-0.694738276,14.86606875,-0.34302394,39,0,63.2455532,0.321750554,109.6220781,0.623430811,12.20655562,0.960070362,11.70469991,1.222025323,94,1.570796327
95,12,1.570796327,5,-1.570796327,5.099019514,-1.373400767,5.830951895,-1.030376827,7.810249676,-0.694738276,14.86606875,-0.34302394,38,0,63.2455532,0.321750554,108.8117641,0.628796286,12.20655562,0.960070362,10.44030651,1.279339532,94,1.570796327
95,13,1.570796327,5,-1.570796327,5.099019514,-1.373400767,5.830951895,-1.030376827,7.810249676,-0.694738276,14.86606875,-0.34302394,37,0,63.2455532,0.321750554,107.4150827,0.626742901,12.20655562,0.960070362,10.44030651,1.279339532,94,1.570796327
95,14,1.570796327,5,-1.570796327,5.099019514,-1.373400767,5.830951895,-1.030376827,7.810249676,-0.694738276,14.86606875,-0.34302394,36,0,63.2455532,0.321750554,106.0188662,0.624635423,78.00640999,0.940115028,10.44030651,1.279339532,94,1.570796327
95,15,1.570796327,5,-1.570796327,5.099019514,-1.373400767,5.830951895,-1.030376827,7.810249676,-0.694738276,14.86606875,-0.34302394,35,0,63.2455532,0.321750554,105.2093152,0.63019391,75.80237463,0.93521062,10.44030651,1.279339532,10,1.570796327
95,16,1.570796327,5,-1.570796327,5.099019514,-1.373400767,5.830951895,-1.030376827,7.810249676,-0.694738276,14.86606875,-0.34302394,34,0,88.23264702,0.310998281,103.8123307,0.628088071,74.40430095,0.938047492,10.44030651,1.279339532,10,1.570796327
95,17,1.570796327,5,-1.570796327,5.099019514,-1.373400767,5.830951895,-1.030376827,7.810249676,-0.694738276,14.86606875,-0.34302394,33,0,87.2811549,0.314504304,102.4158191,0.625924794,73.81734214,0.948972039,10.44030651,1.279339532,10,1.570796327
95,18,1.570796327,5,-1.570796327,5.099019514,-1.373400767,5.830951895,-1.030376827,7.810249676,-0.694738276,14.86606875,-0.34302394,32,0,86.33075929,0.318087567,101.0198,0.623701716,80.21221852,0.944749804,57.87054518,1.254510199,10,1.570796327
95,19,1.570796327,5,-1.570796327,5.099019514,-1.373400767,5.830951895,-1.030376827,7.810249676,-0.694738276,14.86606875,-0.34302394,31,0,85.07055895,0.3105986,100.20978,0.629529962,80.21221852,0.944749804,57.87054518,1.254510199,10,1.570796327
95,20,1.570796327,5,-1.570796327,5.099019514,-1.373400767,5.830951895,-1.030376827,7.810249676,-0.694738276,14.86606875,-0.34302394,30,0,84.11896338,0.314231899,98.81295462,0.627308192,80.21221852,0.944749804,57.87054518,1.254510199,10,1.570796327
95,21,1.570796327,5,-1.570796327,5.099019514,-1.373400767,5.830951895,-1.030376827,7.810249676,-0.694738276,14.86606875,-0.34302394,29,0,83.16850365,0.317948291,97.41663102,0.625022719,80.21221852,0.944749804,57.87054518,1.254510199,94,1.570796327
95,22,1.570796327,5,-1.570796327,5.099019514,-1.373400767,5.830951895,-1.030376827,7.810249676,-0.694738276,14.86606875,-0.34302394,28,0,81.90848552,0.310168061,96.02083107,0.622670789,80.21221852,0.944749804,57.87054518,1.254510199,94,1.570796327
95,23,1.570796327,5,-1.570796327,5.099019514,-1.373400767,5.830951895,-1.030376827,7.810249676,-0.694738276,14.86606875,-0.34302394,27,0,80.95677859,0.313938213,95.21029356,0.628796286,80.21221852,0.944749804,98.67117107,1.261865583,94,1.570796327
95,24,1.570796327,5,-1.570796327,5.099019514,-1.373400767,5.830951895,-1.030376827,7.810249676,-0.694738276,14.86606875,-0.34302394,26,0,80.00624976,0.317798006,93.81364506,0.626445194,80.21221852,0.944749804,98.67117107,1.261865583,94,1.570796327
95,25,1.570796327,5,-1.570796327,5.099019514,-1.373400767,5.830951895,-1.030376827,7.810249676,-0.694738276,14.86606875,-0.34302394,25,0,NaN,NaN,92.4175308,0.624023053,80.21221852,0.944749804,98.67117107,1.261865583,94,1.570796327
95,26,1.570796327,5,-1.570796327,5.099019514,-1.373400767,5.830951895,-1.030376827,7.810249676,-0.694738276,14.86606875,-0.34302394,24,0,NaN,NaN,60.21627687,0.620249486,80.21221852,0.944749804,98.67117107,1.261865583,94,1.570796327
95,27,1.570796327,5,-1.570796327,5.099019514,-1.373400767,5.830951895,-1.030376827,7.810249676,-0.694738276,14.86606875,-0.34302394,23,0,NaN,NaN,59.40538696,0.63003391,80.21221852,0.944749804,98.67117107,1.261865583,94,1.570796327
95,28,1.570796327,5,-1.570796327,5.099019514,-1.373400767,5.830951895,-1.030376827,7.810249676,-0.694738276,14.86606875,-0.34302394,22,0,NaN,NaN,58.00862005,0.626261438,80.21221852,0.944749804,98.67117107,1.261865583,94,1.570796327
95,29,1.570796327,5,-1.570796327,5.099019514,-1.373400767,5.830951895,-1.030376827,7.810249676,-0.694738276,14.86606875,-0.34302394,21,0,NaN,NaN,56.61271942,0.622302871,80.21221852,0.944749804,98.67117107,1.261865583,94,1.570796327
95,30,1.570796327,5,-1.570796327,5.099019514,-1.373400767,5.830951895,-1.030376827,7.810249676,-0.694738276,14.86606875,-0.34302394,20,0,NaN,NaN,55.21775077,0.618144226,80.21221852,0.944749804,98.67117107,1.261865583,55,1.570796327
95,31,1.570796327,5,-1.570796327,5.099019514,-1.373400767,5.830951895,-1.030376827,7.810249676,-0.694738276,14.86606875,-0.34302394,19,0,NaN,NaN,54.40588203,0.628796286,80.21221852,0.944749804,NaN,NaN,55,1.570796327
95,32,1.570796327,5,-1.570796327,5.099019514,-1.373400767,5.830951895,-1.030376827,7.810249676,-0.694738276,14.86606875,-0.34302394,18,0,NaN,NaN,34.40930107,0.620249486,80.21221852,0.944749804,NaN,NaN,55,1.570796327
95,33,1.570796327,5,-1.570796327,5.099019514,-1.373400767,5.830951895,-1.030376827,7.810249676,-0.694738276,14.86606875,-0.34302394,17,0,17.72004515,0.286051442,33.60059523,0.637548798,80.21221852,0.944749804,NaN,NaN,55,1.570796327
95,34,1.570796327,5,-1.570796327,5.099019514,-1.373400767,5.830951895,-1.030376827,7.810249676,-0.694738276,14.86606875,-0.34302394,16,0,16.76305461,0.302884868,33.60059523,0.637548798,80.21221852,0.944749804,NaN,NaN,55,1.570796327
95,35,1.570796327,5,-1.570796327,5.099019514,-1.373400767,5.830951895,-1.030376827,7.810249676,-0.694738276,14.86606875,-0.34302394,15,0,15.8113883,0.321750554,33.60059523,0.637548798,80.21221852,0.944749804,NaN,NaN,55,1.570796327
95,36,1.570796327,5,-1.570796327,5.099019514,-1.373400767,5.830951895,-1.030376827,7.810249676,-0.694738276,14.56021978,-0.278299659,14,0,14.56021978,0.278299659,33.60059523,0.637548798,80.21221852,0.944749804,NaN,NaN,55,1.570796327
95,37,1.570796327,5,-1.570796327,5.099019514,-1.373400767,5.830951895,-1.030376827,7.810249676,-0.694738276,13.60147051,-0.298498932,13,0,13.60147051,0.298498932,33.60059523,0.637548798,80.21221852,0.944749804,NaN,NaN,55,1.570796327
95,38,1.570796327,5,-1.570796327,5.099019514,-1.373400767,5.830951895,-1.030376827,7.810249676,-0.694738276,12.64911064,-0.321750554,12,0,12.64911064,0.321750554,33.60059523,0.637548798,79.40403012,0.937370444,NaN,NaN,55,1.570796327
95,39,1.570796327,5,-1.570796327,5.099019514,-1.373400767,5.830951895,-1.030376827,7.810249676,-0.694738276,11.40175425,-0.266252049,11,0,11.40175425,0.266252049,33.60059523,0.637548798,78.00640999,0.940115028,66.40783086,1.249045772,55,1.570796327
95,40,1.570796327,5,-1.570796327,5.099019514,-1.373400767,5.830951895,-1.030376827,7.810249676,-0.694738276,10.44030651,-0.291456794,10,0,10.44030651,0.291456794,33.60059523,0.637548798,75.80237463,0.93521062,63.2455532,1.249045772,55,1.570796327
95,41,1.570796327,5,-1.570796327,5.099019514,-1.373400767,5.830951895,-1.030376827,7.810249676,-0.694738276,9.486832981,-0.321750554,9,0,9.486832981,0.321750554,33.60059523,0.637548798,74.40430095,0.938047492,62.93647591,1.264120007,94,1.570796327
95,42,1.570796327,5,-1.570796327,5.099019514,-1.373400767,5.830951895,-1.030376827,7.810249676,-0.694738276,8.246211251,-0.244978663,8,0,8.246211251,0.244978663,33.60059523,0.637548798,73.81734214,0.948972039,68.30812543,1.258304767,94,1.570796327
95,43,1.570796327,5,-1.570796327,5.099019514,-1.373400767,5.830951895,-1.030376827,7.810249676,-0.694738276,7.280109889,-0.278299659,7,0,7.280109889,0.278299659,8.602325267,0.620249486,96.60745313,0.939716939,68.30812543,1.258304767,94,1.570796327
95,44,1.570796327,5,-1.570796327,5.099019514,-1.373400767,5.830951895,-1.030376827,7.211102551,-0.588002604,6.32455532,-0.321750554,6,0,6.32455532,0.321750554,7.211102551,0.588002604,95.21029356,0.94200004,68.30812543,1.258304767,94,1.570796327
95,45,1.570796327,5,-1.570796327,5.099019514,-1.373400767,5.830951895,-1.030376827,5.830951895,-0.5404195,5.099019514,-0.19739556,5,0,5.099019514,0.19739556,5.830951895,0.5404195,25,0.927295218,68.30812543,1.258304767,94,1.570796327
85,45,1.570796327,15,-1.570796327,14.86606875,-1.227772386,7.810249676,-0.876058051,25,-0.643501109,47.4341649,-0.321750554,55,0,30.6757233,0.332059468,37.20215048,0.632748835,68.00735254,0.94200004,57.87054518,1.254510199,84,1.570796327
85,45,1.745329252,15.29705854,-1.547933692,10.29563014,-1.238230748,7.071067812,-0.959931089,33.54101966,-0.638180534,55.57877293,-0.318974504,NaN,NaN,20.59126028,0.332565579,79.20858539,0.628720483,61.26989473,0.939914933,84.85281374,1.254366347,45.70557953,1.572203027
85,45,1.919862177,13,-1.525071057,7.810249676,-1.225123901,26.62705391,-0.947484744,53.16013544,-0.635117292,NaN,NaN,27.85677655,0.018107983,37.80211634,0.305016874,66.28725368,0.629543797,53.16013544,0.935679035,84.05355436,1.257429589,89.19641248,1.564754417
85,45,2.094395102,9.433981132,-1.535795787,7.071067812,-1.308996939,36.24913792,-0.950226269,55.32630477,-0.632259991,NaN,NaN,19.72308292,0.008125292,82.13403679,0.313477472,60.00833275,0.635741308,84.48076704,0.940461879,45.89117562,1.244593111,87.8179936,1.571993323
85,45,2.268928028,7.810249676,-1.574189751,27.45906044,-1.276033638,56.75385449,-0.947383842,NaN,NaN,26,-0.303340581,39.05124838,-0.003393425,64.66065264,0.318983304,NaN,NaN,63.19810124,0.951863697,90.62008607,1.257269341,68.11754546,1.574921558
85,45,2.443460953,22.6715681,-1.595643979,39,-1.267455746,55.14526272,-0.94526408,NaN,NaN,18.02775638,-0.284662022,85.14693183,-0.004125231,59.23681288,0.317625324,84.21401309,0.626824236,46.32493929,0.93787481,82.68010643,1.259295113,NaN,NaN
85,45,2.617993878,29.15475947,-1.587617051,56.29387178,-1.262012952,NaN,NaN,23.2594067,-0.602778341,73.66138744,-0.319427815,63.63175308,-0.003344452,NaN,NaN,45.27692569,0.634255997,91.78779875,0.938504533,65.11528238,1.265546044,28.65309756,1.58390678
85,45,2.792526803,42.72001873,-1.580501147,55.03635162,-1.258078097,57.28001397,-0.938634691,18.02775638,-0.633727873,64.81512169,-0.316036836,58.52349955,0.000294847,84.05355436,0.313366738,46.84015371,0.630298052,64.07027392,0.945726246,NaN,NaN,26.57066051,1.574306597
85,45,2.967059728,55.90169944,-1.576116901,NaN,NaN,22.36067977,-0.932615793,76.38062582,-0.62938164,62.17716623,-0.310694067,85.32877592,-0.002175931,45.39823785,0.307084457,93.47192092,0.628611448,62.93647591,0.948695606,28.17800561,1.26580996,25.3179778,1.58667399
85,45,3.141592654,55,-1.570796327,30.6757233,-1.238736859,37.20215048,-0.938047492,68.00735254,-0.628796286,57.87054518,-0.316286128,84,0,47.12748667,0.301619046,65.21502894,0.622032015,NaN,NaN,26.2488095,1.261093382,25,1.570796327
95,45,3.141592654,5,-1.570796327,5.099019514,-1.373400767,5.830951895,-1.030376827,25,-0.643501109,68.30812543,-0.31249156,94,0,98.67117107,0.308930744,74.40430095,0.632748835,30.8058436,0.946773274,30.6757233,1.238736859,44,1.570796327
94,45,3.141592654,5,-1.570796327,5.099019514,-1.373400767,5.830951895,-1.030376827,93.00537619,-0.632748835,67.35725648,-0.317055753,93,0,97.71898485,0.312042122,74.40430095,0.632748835,30.8058436,0.946773274,27.51363298,1.237552026,44,1.570796327
93,45,3.141592654,5,-1.570796327,5.099019514,-1.373400767,5.830951895,-1.030376827,93.00537619,-0.632748835,66.09841148,-0.307397473,92,0,96.76776323,0.3152147,74.40430095,0.632748835,30.8058436,0.946773274,26.2488095,1.261093382,44,1.570796327
92,45,3.141592654,5,-1.570796327,5.099019514,-1.373400767,28.60069929,-0.934288111,93.00537619,-0.632748835,65.1459899,-0.312042122,91,0,95.50916186,0.308506296,73.81734214,0.621824288,30.8058436,0.946773274,26.2488095,1.261093382,44,1.570796327
91,45,3.141592654,5,-1.570796327,5.099019514,-1.373400767,27.20294102,-0.94200004,68.81860214,-0.620249486,64.19501538,-0.316824486,90,0,94.5568612,0.311717446,73.00684899,0.629803335,30.8058436,0.946773274,26.2488095,1.261093382,44,1.570796327
90,45,3.141592654,5,-1.570796327,NaN,NaN,25,-0.927295218,68.00735254,-0.628796286,62.93647591,-0.306676319,89,0,93.60555539,0.3149939,71.61005516,0.626742901,30.8058436,0.946773274,26.2488095,1.261093382,44,1.570796327
89,45,3.141592654,55,-1.570796327,NaN,NaN,23.60084744,-0.935769591,68.00735254,-0.628796286,61.98386887,-0.311546827,88,0,92.34717104,0.308052781,70.21395873,0.623560732,30.8058436,0.946773274,26.2488095,1.261093382,44,1.570796327
88,45,3.141592654,55,-1.570796327,57.87054518,-1.254510199,21.40093456,-0.917949696,68.00735254,-0.628796286,61.03277808,-0.316569254,87,0,50.28916384,0.302884868,68.81860214,0.620249486,30.8058436,0.946773274,26.2488095,1.261093382,44,1.570796327
87,45,3.141592654,55,-1.570796327,57.87054518,-1.254510199,20,-0.927295218,68.00735254,-0.628796286,59.77457654,-0.305878871,86,0,49.33558553,0.308930744,68.00735254,0.628796286,NaN,NaN,26.2488095,1.261093382,44,1.570796327
86,45,3.141592654,55,-1.570796327,57.87054518,-1.254510199,18.60107524,-0.938047492,68.00735254,-0.628796286,58.82176468,-0.310998281,85,0,48.38388161,0.3152147,66.61080993,0.62548504,NaN,NaN,26.2488095,1.261093382,44,1.570796327
85,45,3.141592654,55,-1.570796327,30.6757233,-1.238736859,37.20215048,-0.938047492,68.00735254,-0.628796286,57.87054518,-0.316286128,84,0,47.12748667,0.301619046,65.21502894,0.622032015,NaN,NaN,26.2488095,1.261093382,25,1.570796327
84,45,3.141592654,NaN,NaN,27.51363298,-1.237552026,37.20215048,-0.938047492,66.61080993,-0.62548504,56.61271942,-0.304992347,83,0,46.17358552,0.308052781,64.40496875,0.631079387,NaN,NaN,26.2488095,1.261093382,25,1.570796327
83,45,3.141592654,NaN,NaN,24.35159132,-1.236059489,37.20215048,-0.938047492,65.21502894,-0.622032015,50.28916384,-0.302884868,82,0,45.22167622,0.314757661,63.00793601,0.627629426,NaN,NaN,26.2488095,1.261093382,25,1.570796327
82,45,3.141592654,NaN,NaN,21.1896201,-1.234121507,37.20215048,-0.938047492,64.40496875,-0.631079387,49.33558553,-0.308930744,81,0,44.27188724,0.321750554,61.6116872,0.624023053,NaN,NaN,26.2488095,1.261093382,25,1.570796327
81,45,3.141592654,NaN,NaN,18.02775638,-1.231503712,68.00735254,-0.94200004,63.00793601,-0.627629426,48.38388161,-0.3152147,80,0,43.01162634,0.307045732,60.21627687,0.620249486,NaN,NaN,26.2488095,1.261093382,25,1.570796327
80,45,3.141592654,NaN,NaN,15.8113883,-1.249045772,68.00735254,-0.94200004,61.6116872,-0.624023053,47.4341649,-0.321750554,79,0,42.05948169,0.314231899,59.40538696,0.63003391,NaN,NaN,26.2488095,1.261093382,25,1.570796327
79,45,3.141592654,NaN,NaN,31.6227766,-1.249045772,68.00735254,-0.94200004,60.21627687,-0.620249486,47.4341649,-0.321750554,78,0,41.10960958,0.321750554,74.40430095,0.632748835,NaN,NaN,26.2488095,1.261093382,25,1.570796327
78,45,3.141592654,NaN,NaN,31.6227766,-1.249045772,68.00735254,-0.94200004,59.40538696,-0.63003391,47.4341649,-0.321750554,77,0,39.84971769,0.305878871,74.40430095,0.632748835,NaN,NaN,26.2488095,1.261093382,25,1.570796327
77,45,3.141592654,NaN,NaN,31.6227766,-1.249045772,68.00735254,-0.94200004,58.00862005,-0.626261438,47.4341649,-0.321750554,76,0,38.89730068,0.313620652,74.40430095,0.632748835,NaN,NaN,46.17358552,1.262743546,25,1.570796327
76,45,3.141592654,NaN,NaN,31.6227766,-1.249045772,68.00735254,-0.94200004,56.61271942,-0.622302871,47.4341649,-0.321750554,75,0,37.94733192,0.321750554,74.40430095,0.632748835,NaN,NaN,46.17358552,1.262743546,25,1.570796327
75,45,3.141592654,15,-1.570796327,31.6227766,-1.249045772,68.00735254,-0.94200004,55.21775077,-0.618144226,47.4341649,-0.321750554,74,0,36.68787266,0.304510883,74.40430095,0.632748835,NaN,NaN,46.17358552,1.262743546,25,1.570796327
74,45,3.141592654,30,-1.570796327,31.6227766,-1.249045772,68.00735254,-0.94200004,54.40588203,-0.628796286,NaN,NaN,73,0,35.73513677,0.312901228,74.40430095,0.632748835,NaN,NaN,46.17358552,1.262743546,25,1.570796327
73,45,3.141592654,30,-1.570796327,31.6227766,-1.249045772,68.00735254,-0.94200004,53.00943312,-0.624635423,NaN,NaN,72,0,34.78505426,0.321750554,74.40430095,0.632748835,NaN,NaN,46.17358552,1.262743546,25,1.570796327
72,45,3.141592654,30,-1.570796327,31.6227766,-1.249045772,68.00735254,-0.94200004,51.6139516,-0.620249486,NaN,NaN,71,0,33.52610923,0.302884868,74.40430095,0.632748835,54.40588203,0.94200004,46.17358552,1.262743546,25,1.570796327
71,45,3.141592654,30,-1.570796327,31.6227766,-1.249045772,68.00735254,-0.94200004,50.80354318,-0.631690634,NaN,NaN,70,0,32.57299495,0.312042122,74.40430095,0.632748835,54.40588203,0.94200004,46.17358552,1.262743546,25,1.570796327
70,45,3.141592654,30,-1.570796327,31.6227766,-1.249045772,68.00735254,-0.94200004,49.40647731,-0.627308192,NaN,NaN,69,0,31.6227766,0.321750554,74.40430095,0.632748835,54.40588203,0.94200004,46.17358552,1.262743546,25,1.570796327
69,45,3.141592654,30,-1.570796327,57.87054518,-1.254510199,68.00735254,-0.94200004,48.01041554,-0.622670789,NaN,NaN,68,0,30.3644529,0.300920234,74.40430095,0.632748835,54.40588203,0.94200004,NaN,NaN,44,1.570796327
68,45,3.141592654,30,-1.570796327,57.87054518,-1.254510199,68.00735254,-0.94200004,46.61544808,-0.617755726,NaN,NaN,67,0,29.41088234,0.310998281,74.40430095,0.632748835,54.40588203,0.94200004,NaN,NaN,44,1.570796327
67,45,3.141592654,30,-1.570796327,57.87054518,-1.254510199,68.00735254,-0.94200004,45.80392996,-0.630401421,NaN,NaN,66,0,28.46049894,0.321750554,74.40430095,0.632748835,54.40588203,0.94200004,NaN,NaN,44,1.570796327
66,45,3.141592654,30,-1.570796327,57.87054518,-1.254510199,68.00735254,-0.94200004,44.40720662,-0.62548504,NaN,NaN,65,0,27.20294102,0.298498932,74.40430095,0.632748835,54.40588203,0.94200004,NaN,NaN,44,1.570796327
65,45,3.141592654,30,-1.570796327,57.87054518,-1.254510199,68.00735254,-0.94200004,43.01162634,-0.620249486,NaN,NaN,64,0,26.2488095,0.309702945,74.40430095,0.632748835,54.40588203,0.94200004,NaN,NaN,44,1.570796327
64,45,3.141592654,30,-1.570796327,57.87054518,-1.254510199,49.40647731,-0.943488135,41.61730409,-0.614662952,NaN,NaN,63,0,25.29822128,0.321750554,74.40430095,0.632748835,54.40588203,0.94200004,NaN,NaN,44,1.570796327
63,45,3.141592654,30,-1.570796327,57.87054518,-1.254510199,49.40647731,-0.943488135,40.80441153,-0.628796286,NaN,NaN,62,0,24.04163056,0.295440837,74.40430095,0.632748835,52.20153254,0.934957903,NaN,NaN,44,1.570796327
62,45,3.141592654,30,-1.570796327,57.87054518,-1.254510199,49.40647731,-0.943488135,39.40812099,-0.62319933,NaN,NaN,61,0,23.08679276,0.308052781,74.40430095,0.632748835,50.80354318,0.939105692,NaN,NaN,44,1.570796327
61,45,3.141592654,30,-1.570796327,57.87054518,-1.254510199,49.40647731,-0.943488135,38.01315562,-0.617191392,NaN,NaN,60,0,22.13594362,0.321750554,25.8069758,0.620249486,48.60041152,0.931410421,NaN,NaN,44,1.570796327
60,45,3.141592654,30,-1.570796327,57.87054518,-1.254510199,49.40647731,-0.943488135,37.20215048,-0.632748835,NaN,NaN,59,0,20.88061302,0.291456794,24.41311123,0.610725964,47.20169488,0.935769591,NaN,NaN,44,1.570796327
59,45,3.141592654,55,-1.570796327,57.87054518,-1.254510199,48.60041152,-0.931410421,35.80502758,-0.626742901,NaN,NaN,58,0,19.92485885,0.305878871,23.60084744,0.635026735,45.80392996,0.940394905,NaN,NaN,44,1.570796327
58,45,3.141592654,55,-1.570796327,57.87054518,-1.254510199,47.20169488,-0.935769591,34.40930107,-0.620249486,NaN,NaN,57,0,18.97366596,0.321750554,22.20360331,0.62548504,43.60045871,0.931882342,NaN,NaN,44,1.570796327
57,45,3.141592654,55,-1.570796327,57.87054518,-1.254510199,45.80392996,-0.940394905,33.01514804,-0.613207349,NaN,NaN,56,0,17.72004515,0.286051442,20.80865205,0.614662952,43.01162634,0.950546841,NaN,NaN,44,1.570796327
56,45,3.141592654,55,-1.570796327,57.87054518,-1.254510199,43.60045871,-0.931882342,25.8069758,-0.620249486,NaN,NaN,55,0,16.76305461,0.302884868,19.41648784,0.602287346,54.40588203,0.94200004,NaN,NaN,44,1.570796327
55,45,3.141592654,55,-1.570796327,57.87054518,-1.254510199,42.20189569,-0.936773607,25,-0.643501109,NaN,NaN,54,0,15.8113883,0.321750554,18.60107524,0.632748835,54.40588203,0.94200004,NaN,NaN,NaN,NaN
54,45,3.141592654,55,-1.570796327,57.87054518,-1.254510199,40.80441153,-0.94200004,25,-0.643501109,NaN,NaN,53,0,14.86606875,0.34302394,17.20465053,0.620249486,54.40588203,0.94200004,46.17358552,1.262743546,NaN,NaN
53,45,3.141592654,55,-1.570796327,57.87054518,-1.254510199,38.60051813,-0.932476519,25,-0.643501109,NaN,NaN,52,0,14.86606875,0.34302394,15.8113883,0.605544664,54.40588203,0.94200004,46.17358552,1.262743546,NaN,NaN
52,45,3.141592654,55,-1.570796327,57.87054518,-1.254510199,37.20215048,-0.938047492,25,-0.643501109,NaN,NaN,51,0,14.86606875,0.34302394,14.4222051,0.588002604,54.40588203,0.94200004,46.17358552,1.262743546,NaN,NaN
51,45,3.141592654,55,-1.570796327,57.87054518,-1.254510199,35,-0.927295218,25,-0.643501109,NaN,NaN,50,0,14.86606875,0.34302394,13.60147051,0.628796286,18.60107524,0.938047492,46.17358552,1.262743546,NaN,NaN
50,45,3.141592654,55,-1.570796327,57.87054518,-1.254510199,33.60059523,-0.933247529,25,-0.643501109,NaN,NaN,49,0,14.86606875,0.34302394,12.20655562,0.610725964,16.40121947,0.915100701,46.17358552,1.262743546,NaN,NaN
49,45,3.141592654,55,-1.570796327,57.87054518,-1.254510199,32.20248438,-0.939716939,59.40538696,-0.63003391,50.28916384,-0.302884868,48,0,14.86606875,0.34302394,10.81665383,0.588002604,15,0.927295218,46.17358552,1.262743546,NaN,NaN
48,45,3.141592654,55,-1.570796327,42.05948169,-1.256564428,30,-0.927295218,58.00862005,-0.626261438,49.33558553,-0.308930744,47,0,14.86606875,0.34302394,10,0.643501109,12.80624847,0.896055385,46.17358552,1.262743546,NaN,NaN
47,45,3.141592654,55,-1.570796327,42.05948169,-1.256564428,28.60069929,-0.934288111,56.61271942,-0.622302871,48.38388161,-0.3152147,46,0,14.86606875,0.34302394,8.602325267,0.620249486,11.40175425,0.909753158,46.17358552,1.262743546,NaN,NaN
46,45,3.141592654,55,-1.570796327,42.05948169,-1.256564428,18.60107524,-0.938047492,55.21775077,-0.618144226,47.12748667,-0.301619046,45,0,14.86606875,0.34302394,7.810249676,0.694738276,10,0.927295218,44.27188724,1.249045772,NaN,NaN
45,45,3.141592654,55,-1.570796327,42.05948169,-1.256564428,18.60107524,-0.938047492,54.40588203,-0.628796286,46.17358552,-0.308052781,44,0,14.86606875,0.34302394,7.810249676,0.694738276,7.810249676,0.876058051,14.86606875,1.227772386,NaN,NaN
44,45,3.141592654,55,-1.570796327,42.05948169,-1.256564428,18.60107524,-0.938047492,53.00943312,-0.624635423,45.22167622,-0.314757661,43,0,14.86606875,0.34302394,7.810249676,0.694738276,6.403124237,0.896055385,11.70469991,1.222025323,NaN,NaN
43,45,3.141592654,55,-1.570796327,41.10960958,-1.249045772,18.60107524,-0.938047492,52.20153254,-0.635838424,44.27188724,-0.321750554,42,0,14.86606875,0.34302394,7.810249676,0.694738276,5.830951895,1.030376827,8.544003745,1.212025657,NaN,NaN
42,45,3.141592654,55,-1.570796327,37,-1.240498972,18.60107524,-0.938047492,NaN,NaN,43.01162634,-0.307045732,41,0,14.86606875,0.34302394,7.810249676,0.694738276,5.830951895,1.030376827,5.385164807,1.19028995,NaN,NaN
41,45,3.141592654,55,-1.570796327,33.83784863,-1.23970025,18.60107524,-0.938047492,NaN,NaN,42.05948169,-0.314231899,40,0,14.86606875,0.34302394,7.810249676,0.694738276,5.830951895,1.030376827,5.099019514,1.373400767,NaN,NaN
40,45,3.141592654,55,-1.570796327,15.8113883,-1.249045772,65.80273551,-0.936413506,NaN,NaN,41.10960958,-0.321750554,39,0,14.86606875,0.34302394,7.810249676,0.694738276,5.830951895,1.030376827,5.099019514,1.373400767,5,1.570796327
39,45,3.141592654,55,-1.570796327,15.8113883,-1.249045772,64.40496875,-0.939716939,NaN,NaN,39.84971769,-0.305878871,38,0,14.86606875,0.34302394,7.810249676,0.694738276,5.830951895,1.030376827,5.099019514,1.373400767,5,1.570796327
38,45,3.141592654,55,-1.570796327,15.8113883,-1.249045772,62.20128616,-0.933725998,NaN,NaN,38.89730068,-0.313620652,37,0,14.86606875,0.34302394,7.810249676,0.694738276,5.830951895,1.030376827,5.099019514,1.373400767,5,1.570796327
37,45,3.141592654,55,-1.570796327,15.8113883,-1.249045772,60.80296045,-0.937163319,NaN,NaN,37.94733192,-0.321750554,36,0,14.86606875,0.34302394,7.810249676,0.694738276,5.830951895,1.030376827,5.099019514,1.373400767,5,1.570796327
36,45,3.141592654,55,-1.570796327,15.8113883,-1.249045772,59.40538696,-0.940762417,NaN,NaN,36.68787266,-0.304510883,35,0,14.86606875,0.34302394,7.810249676,0.694738276,5.830951895,1.030376827,5.099019514,1.373400767,5,1.570796327
35,45,3.141592654,15,-1.570796327,15.8113883,-1.249045772,57.20139858,-0.934288111,NaN,NaN,35.73513677,-0.312901228,34,0,14.86606875,0.34302394,7.810249676,0.694738276,5.830951895,1.030376827,5.099019514,1.373400767,5,1.570796327
34,45,3.141592654,15,-1.570796327,57.87054518,-1.254510199,55.80322571,-0.938047492,NaN,NaN,34.78505426,-0.321750554,33,0,14.86606875,0.34302394,7.810249676,0.694738276,5.830951895,1.030376827,5.099019514,1.373400767,5,1.570796327
33,45,3.141592654,15,-1.570796327,57.87054518,-1.254510199,54.40588203,-0.94200004,NaN,NaN,33.52610923,-0.302884868,32,0,33.52610923,0.302884868,7.810249676,0.694738276,5.830951895,1.030376827,5.099019514,1.373400767,5,1.570796327
32,45,3.141592654,15,-1.570796327,57.87054518,-1.254510199,52.20153254,-0.934957903,NaN,NaN,32.57299495,-0.312042122,31,0,32.57299495,0.312042122,7.810249676,0.694738276,5.830951895,1.030376827,5.099019514,1.373400767,5,1.570796327
31,45,3.141592654,15,-1.570796327,57.87054518,-1.254510199,50.80354318,-0.939105692,NaN,NaN,31.6227766,-0.321750554,30,0,31.6227766,0.321750554,7.810249676,0.694738276,5.830951895,1.030376827,5.099019514,1.373400767,5,1.570796327
30,45,3.141592654,15,-1.570796327,57.87054518,-1.254510199,48.60041152,-0.931410421,NaN,NaN,30.3644529,-0.300920234,29,0,30.3644529,0.300920234,7.810249676,0.694738276,5.830951895,1.030376827,5.099019514,1.373400767,5,1.570796327
29,45,3.141592654,55,-1.570796327,57.87054518,-1.254510199,47.20169488,-0.935769591,NaN,NaN,29.41088234,-0.310998281,28,0,29.41088234,0.310998281,7.810249676,0.694738276,5.830951895,1.030376827,5.099019514,1.373400767,5,1.570796327
28,45,3.141592654,55,-1.570796327,57.87054518,-1.254510199,45.80392996,-0.940394905,NaN,NaN,28.46049894,-0.321750554,27,0,28.46049894,0.321750554,7.810249676,0.694738276,5.830951895,1.030376827,5.099019514,1.373400767,5,1.570796327
27,45,3.141592654,55,-1.570796327,57.87054518,-1.254510199,43.60045871,-0.931882342,NaN,NaN,27.20294102,-0.298498932,26,0,27.20294102,0.298498932,7.810249676,0.694738276,5.830951895,1.030376827,5.099019514,1.373400767,5,1.570796327
26,45,3.141592654,55,-1.570796327,57.87054518,-1.254510199,42.20189569,-0.936773607,NaN,NaN,26.2488095,-0.309702945,25,0,26.2488095,0.309702945,7.810249676,0.694738276,5.830951895,1.030376827,5.099019514,1.373400767,5,1.570796327
25,45,3.141592654,55,-1.570796327,57.87054518,-1.254510199,40.80441153,-0.94200004,NaN,NaN,25.29822128,-0.321750554,24,0,25.29822128,0.321750554,29.41088234,0.616296937,5.830951895,1.030376827,5.099019514,1.373400767,5,1.570796327
24,45,3.141592654,55,-1.570796327,57.87054518,-1.254510199,38.60051813,-0.932476519,NaN,NaN,24.04163056,-0.295440837,23,0,24.04163056,0.295440837,28.01785145,0.607801996,5.830951895,1.030376827,5.099019514,1.373400767,5,1.570796327
23,45,3.141592654,55,-1.570796327,57.87054518,-1.254510199,38.01315562,-0.953604935,NaN,NaN,23.08679276,-0.308052781,22,0,23.08679276,0.308052781,27.20294102,0.628796286,5.830951895,1.030376827,5.099019514,1.373400767,5,1.570796327
22,45,3.141592654,55,-1.570796327,57.87054518,-1.254510199,NaN,NaN,25.8069758,-0.620249486,22.13594362,-0.321750554,21,0,22.13594362,0.321750554,25.8069758,0.620249486,35,0.927295218,5.099019514,1.373400767,5,1.570796327
21,45,3.141592654,55,-1.570796327,57.87054518,-1.254510199,NaN,NaN,24.41311123,-0.610725964,20.88061302,-0.291456794,20,0,20.88061302,0.291456794,24.41311123,0.610725964,33.60059523,0.933247529,5.099019514,1.373400767,5,1.570796327
20,45,3.141592654,55,-1.570796327,57.87054518,-1.254510199,NaN,NaN,23.60084744,-0.635026735,19.92485885,-0.305878871,19,0,19.92485885,0.305878871,23.60084744,0.635026735,32.20248438,0.939716939,46.17358552,1.262743546,5,1.570796327
19,45,3.141592654,55,-1.570796327,56.92099788,-1.249045772,NaN,NaN,22.20360331,-0.62548504,18.97366596,-0.321750554,18,0,18.97366596,0.321750554,22.20360331,0.62548504,30,0.927295218,46.17358552,1.262743546,44,1.570796327
18,45,3.141592654,55,-1.570796327,53.75872022,-1.249045772,NaN,NaN,20.80865205,-0.614662952,17.72004515,-0.286051442,17,0,17.72004515,0.286051442,20.80865205,0.614662952,28.60069929,0.934288111,46.17358552,1.262743546,44,1.570796327
17,45,3.141592654,55,-1.570796327,50.59644256,-1.249045772,NaN,NaN,19.41648784,-0.602287346,16.76305461,-0.302884868,16,0,16.76305461,0.302884868,19.41648784,0.602287346,27.20294102,0.94200004,46.17358552,1.262743546,44,1.570796327
16,45,3.141592654,55,-1.570796327,47.4341649,-1.249045772,NaN,NaN,18.60107524,-0.632748835,15.8113883,-0.321750554,15,0,15.8113883,0.321750554,18.60107524,0.632748835,25,0.927295218,46.17358552,1.262743546,44,1.570796327
15,45,3.141592654,55,-1.570796327,44.27188724,-1.249045772,NaN,NaN,17.20465053,-0.620249486,14.56021978,-0.278299659,14,0,14.56021978,0.278299659,17.20465053,0.620249486,23.60084744,0.935769591,44.27188724,1.249045772,44,1.570796327
15,25,-3.141592654,75,-1.570796327,NaN,NaN,23.60084744,-0.935769591,17.20465053,-0.620249486,14.56021978,-0.278299659,14,0,14.56021978,0.278299659,17.20465053,0.620249486,23.60084744,0.935769591,25.29822128,1.249045772,24,1.570796327
15,25,-2.967059728,76.11832894,-1.573701184,29.52964612,-1.251387883,19.10497317,-0.922910973,15.65247584,-0.638180534,14.14213562,-0.31642998,14.14213562,-0.032635871,15.65247584,0.289114684,19.79898987,0.610865238,26.83281573,0.932615793,24.18677324,1.271908407,24.33105012,1.561412079
15,25,-2.792526803,NaN,NaN,22.02271555,-1.230937789,16.64331698,-0.92040333,14.56021978,-0.627365509,14,-0.34906585,14.86606875,-0.00604191,17.80449381,0.316903387,24.41311123,0.611004512,25,0.937936367,24.0208243,1.263373055,25.63201124,1.580501147
15,25,-2.617993878,27.78488798,-1.566320654,18.43908891,-1.232225048,15.23154621,-0.928490562,14.03566885,-0.59490624,14.31782106,-0.312505442,16.1245155,-0.004452661,20.51828453,0.296268489,26.40075756,0.617435272,24.08318916,0.964056319,24.51530134,1.25259294,27.78488798,1.575272
15,25,-2.443460953,21.26029163,-1.550098028,16.64331698,-1.269469181,14.31782106,-0.909225034,14.03566885,-0.626824236,15.23154621,-0.293239915,17.80449381,-0.032162463,26.07680962,0.305935408,24.73863375,0.627685963,24.08318916,0.955805858,26,1.267455746,26.2488095,1.57715869
15,25,-2.268928028,17.80449381,-1.538633863,15.23154621,-1.277556412,14.03566885,-0.943972091,14.31782106,-0.661571293,16.64331698,-0.301327146,21.26029163,-0.020698299,26,0.303340581,24.08318916,0.614990469,24.73863375,0.943110364,28.3019434,1.256731016,22.6715681,1.545948674
15,25,-2.094395102,16.1245155,-1.566343665,14.31782106,-1.258290884,14.03566885,-0.975890086,15.23154621,-0.642305765,18.43908891,-0.338571279,27.78488798,-0.004475673,24.51530134,0.318203386,24.08318916,0.606740007,26.40075756,0.953361055,24.75883681,1.280433281,47.50789408,1.564805504
15,25,-1.919862177,14.86606875,-1.564754417,14,-1.221730476,14.56021978,-0.943430817,16.64331698,-0.650392997,22.02271555,-0.339858538,25.63201124,-0.00970482,24.0208243,0.307423271,25,0.63285996,28.8444102,0.937068454,NaN,NaN,69.28924881,1.566159031
15,25,-1.745329252,14.14213562,-1.538160456,14.14213562,-1.254366347,15.65247584,-0.932615793,19.10497317,-0.647885354,27.29468813,-0.321889828,24.33105012,0.009384248,24.18677324,0.29888792,26.83281573,0.638180534,24.04163056,0.959931089,50.11985634,1.24598253,55.90169944,1.565475752
15,25,-1.570796327,14,-1.570796327,14.56021978,-1.292496668,17.20465053,-0.950546841,23.60084744,-0.635026735,25.29822128,-0.321750554,24,0,25.29822128,0.321750554,28.60069929,0.636508216,NaN,NaN,75.89466384,1.249045772,85,1.570796327
15,45,-1.570796327,14,-1.570796327,14.56021978,-1.292496668,17.20465053,-0.950546841,23.60084744,-0.635026735,44.27188724,-0.321750554,44,0,14.86606875,0.34302394,7.810249676,0.694738276,7.810249676,0.876058051,14.86606875,1.227772386,85,1.570796327
15,44,-1.570796327,14,-1.570796327,14.56021978,-1.292496668,17.20465053,-0.950546841,23.60084744,-0.635026735,44.27188724,-0.321750554,43,0,14.86606875,0.34302394,7.810249676,0.694738276,6.403124237,0.896055385,11.70469991,1.222025323,85,1.570796327
15,43,-1.570796327,14,-1.570796327,14.56021978,-1.292496668,17.20465053,-0.950546841,23.60084744,-0.635026735,44.27188724,-0.321750554,42,0,44.27188724,0.321750554,7.810249676,0.694738276,5.830951895,1.030376827,8.544003745,1.212025657,85,1.570796327
15,42,-1.570796327,14,-1.570796327,14.56021978,-1.292496668,17.20465053,-0.950546841,23.60084744,-0.635026735,43.01162634,-0.307045732,41,0,43.01162634,0.307045732,7.810249676,0.694738276,5.830951895,1.030376827,5.385164807,1.19028995,85,1.570796327
15,41,-1.570796327,14,-1.570796327,14.56021978,-1.292496668,17.20465053,-0.950546841,23.60084744,-0.635026735,42.05948169,-0.314231899,40,0,42.05948169,0.314231899,7.810249676,0.694738276,5.830951895,1.030376827,5.099019514,1.373400767,85,1.570796327
15,40,-1.570796327,14,-1.570796327,14.56021978,-1.292496668,17.20465053,-0.950546841,23.60084744,-0.635026735,41.10960958,-0.321750554,39,0,41.10960958,0.321750554,7.810249676,0.694738276,5.830951895,1.030376827,5.099019514,1.373400767,5,1.570796327
15,39,-1.570796327,14,-1.570796327,14.56021978,-1.292496668,17.20465053,-0.950546841,23.60084744,-0.635026735,39.84971769,-0.305878871,38,0,39.84971769,0.305878871,7.810249676,0.694738276,5.830951895,1.030376827,5.099019514,1.373400767,5,1.570796327
15,38,-1.570796327,14,-1.570796327,14.56021978,-1.292496668,17.20465053,-0.950546841,23.60084744,-0.635026735,38.89730068,-0.313620652,37,0,38.89730068,0.313620652,7.810249676,0.694738276,5.830951895,1.030376827,5.099019514,1.373400767,5,1.570796327
15,37,-1.570796327,14,-1.570796327,14.56021978,-1.292496668,17.20465053,-0.950546841,23.60084744,-0.635026735,37.94733192,-0.321750554,36,0,37.94733192,0.321750554,7.810249676,0.694738276,5.830951895,1.030376827,5.099019514,1.373400767,5,1.570796327
15,36,-1.570796327,14,-1.570796327,14.56021978,-1.292496668,17.20465053,-0.950546841,23.60084744,-0.635026735,36.68787266,-0.304510883,35,0,36.68787266,0.304510883,7.810249676,0.694738276,5.830951895,1.030376827,5.099019514,1.373400767,5,1.570796327
15,35,-1.570796327,14,-1.570796327,14.56021978,-1.292496668,17.20465053,-0.950546841,23.60084744,-0.635026735,35.73513677,-0.312901228,34,0,35.73513677,0.312901228,41.61730409,0.614662952,5.830951895,1.030376827,5.099019514,1.373400767,5,1.570796327
15,34,-1.570796327,14,-1.570796327,14.56021978,-1.292496668,17.20465053,-0.950546841,23.60084744,-0.635026735,34.78505426,-0.321750554,33,0,34.78505426,0.321750554,29.41088234,0.616296937,5.830951895,1.030376827,5.099019514,1.373400767,5,1.570796327
15,33,-1.570796327,14,-1.570796327,14.56021978,-1.292496668,17.20465053,-0.950546841,23.60084744,-0.635026735,33.52610923,-0.302884868,32,0,33.52610923,0.302884868,28.60069929,0.636508216,5.830951895,1.030376827,5.099019514,1.373400767,5,1.570796327
15,32,-1.570796327,14,-1.570796327,14.56021978,-1.292496668,17.20465053,-0.950546841,23.60084744,-0.635026735,32.57299495,-0.312042122,31,0,32.57299495,0.312042122,28.60069929,0.636508216,52.20153254,0.934957903,5.099019514,1.373400767,5,1.570796327
15,31,-1.570796327,14,-1.570796327,14.56021978,-1.292496668,17.20465053,-0.950546841,23.60084744,-0.635026735,31.6227766,-0.321750554,30,0,31.6227766,0.321750554,28.60069929,0.636508216,50.80354318,0.939105692,5.099019514,1.373400767,5,1.570796327
15,30,-1.570796327,14,-1.570796327,14.56021978,-1.292496668,17.20465053,-0.950546841,23.60084744,-0.635026735,30.3644529,-0.300920234,29,0,30.3644529,0.300920234,28.60069929,0.636508216,NaN,NaN,89.18520057,1.263229218,5,1.570796327
15,29,-1.570796327,14,-1.570796327,14.56021978,-1.292496668,17.20465053,-0.950546841,23.60084744,-0.635026735,29.41088234,-0.310998281,28,0,29.41088234,0.310998281,28.60069929,0.636508216,NaN,NaN,89.18520057,1.263229218,85,1.570796327
15,28,-1.570796327,14,-1.570796327,14.56021978,-1.292496668,17.20465053,-0.950546841,23.60084744,-0.635026735,28.46049894,-0.321750554,27,0,28.46049894,0.321750554,28.60069929,0.636508216,NaN,NaN,86.33075929,1.25270876,85,1.570796327
15,27,-1.570796327,14,-1.570796327,14.56021978,-1.292496668,17.20465053,-0.950546841,23.60084744,-0.635026735,27.20294102,-0.298498932,26,0,27.20294102,0.298498932,28.60069929,0.636508216,NaN,NaN,83.16850365,1.252848035,85,1.570796327
15,26,-1.570796327,14,-1.570796327,14.56021978,-1.292496668,17.20465053,-0.950546841,23.60084744,-0.635026735,26.2488095,-0.309702945,25,0,26.2488095,0.309702945,28.60069929,0.636508216,NaN,NaN,80.00624976,1.252998321,85,1.570796327
15,25,-1.570796327,14,-1.570796327,14.56021978,-1.292496668,17.20465053,-0.950546841,23.60084744,-0.635026735,25.29822128,-0.321750554,24,0,25.29822128,0.321750554,28.60069929,0.636508216,NaN,NaN,75.89466384,1.249045772,85,1.570796327
15,24,-1.570796327,14,-1.570796327,14.56021978,-1.292496668,17.20465053,-0.950546841,23.60084744,-0.635026735,24.04163056,-0.295440837,23,0,24.04163056,0.295440837,28.01785145,0.607801996,NaN,NaN,72.73238618,1.249045772,85,1.570796327
15,23,-1.570796327,14,-1.570796327,14.56021978,-1.292496668,17.20465053,-0.950546841,23.60084744,-0.635026735,23.08679276,-0.308052781,22,0,23.08679276,0.308052781,27.20294102,0.628796286,21.40093456,0.917949696,69.57010852,1.249045772,85,1.570796327
15,22,-1.570796327,14,-1.570796327,14.56021978,-1.292496668,17.20465053,-0.950546841,23.60084744,-0.635026735,22.13594362,-0.321750554,21,0,22.13594362,0.321750554,25.8069758,0.620249486,20.80865205,0.956133375,66.40783086,1.249045772,85,1.570796327
15,21,-1.570796327,14,-1.570796327,14.56021978,-1.292496668,17.20465053,-0.950546841,23.60084744,-0.635026735,20.88061302,-0.291456794,20,0,20.88061302,0.291456794,24.41311123,0.610725964,20.80865205,0.956133375,63.2455532,1.249045772,85,1.570796327
15,20,-1.570796327,14,-1.570796327,14.56021978,-1.292496668,17.20465053,-0.950546841,23.60084744,-0.635026735,19.92485885,-0.305878871,19,0,19.92485885,0.305878871,23.60084744,0.635026735,20.80865205,0.956133375,60.08327554,1.249045772,55,1.570796327
15,19,-1.570796327,14,-1.570796327,14.56021978,-1.292496668,17.20465053,-0.950546841,22.20360331,-0.62548504,18.97366596,-0.321750554,18,0,18.97366596,0.321750554,22.20360331,0.62548504,20.80865205,0.956133375,56.92099788,1.249045772,55,1.570796327
15,18,-1.570796327,14,-1.570796327,14.56021978,-1.292496668,17.20465053,-0.950546841,20.80865205,-0.614662952,17.72004515,-0.286051442,17,0,17.72004515,0.286051442,20.80865205,0.614662952,20.80865205,0.956133375,53.75872022,1.249045772,55,1.570796327
15,17,-1.570796327,14,-1.570796327,14.56021978,-1.292496668,17.20465053,-0.950546841,19.41648784,-0.602287346,16.76305461,-0.302884868,16,0,16.76305461,0.302884868,19.41648784,0.602287346,20.80865205,0.956133375,50.59644256,1.249045772,55,1.570796327
15,16,-1.570796327,14,-1.570796327,14.56021978,-1.292496668,17.20465053,-0.950546841,18.60107524,-0.632748835,15.8113883,-0.321750554,15,0,15.8113883,0.321750554,18.60107524,0.632748835,20.80865205,0.956133375,18.02775638,1.231503712,55,1.570796327
15,15,-1.570796327,14,-1.570796327,14.56021978,-1.292496668,17.20465053,-0.950546841,17.20465053,-0.620249486,14.56021978,-0.278299659,14,0,14.56021978,0.278299659,17.20465053,0.620249486,20.80865205,0.956133375,17.72004515,1.284744885,55,1.570796327
15,14,-1.570796327,14,-1.570796327,14.56021978,-1.292496668,17.20465053,-0.950546841,15.8113883,-0.605544664,13.60147051,-0.298498932,13,0,13.60147051,0.298498932,15.8113883,0.605544664,20.80865205,0.956133375,17.72004515,1.284744885,85,1.570796327
15,13,-1.570796327,14,-1.570796327,14.56021978,-1.292496668,17.20465053,-0.950546841,14.4222051,-0.588002604,12.64911064,-0.321750554,12,0,12.64911064,0.321750554,14.4222051,0.588002604,20,0.927295218,17.72004515,1.284744885,85,1.570796327
15,12,-1.570796327,14,-1.570796327,14.56021978,-1.292496668,17.20465053,-0.950546841,13.60147051,-0.628796286,11.40175425,-0.266252049,11,0,11.40175425,0.266252049,13.60147051,0.628796286,18.60107524,0.938047492,17.72004515,1.284744885,85,1.570796327
15,11,-1.570796327,14,-1.570796327,14.56021978,-1.292496668,16.40121947,-0.915100701,12.20655562,-0.610725964,10.44030651,-0.291456794,10,0,10.44030651,0.291456794,12.20655562,0.610725964,16.40121947,0.915100701,17.72004515,1.284744885,85,1.570796327
15,10,-1.570796327,14,-1.570796327,14.56021978,-1.292496668,15,-0.927295218,10.81665383,-0.588002604,9.486832981,-0.321750554,9,0,9.486832981,0.321750554,10.81665383,0.588002604,15,0.927295218,17.72004515,1.284744885,17,1.570796327
15,9,-1.570796327,14,-1.570796327,14.56021978,-1.292496668,12.80624847,-0.896055385,10,-0.643501109,8.246211251,-0.244978663,8,0,8.246211251,0.244978663,10,0.643501109,12.80624847,0.896055385,17.72004515,1.284744885,17,1.570796327
15,8,-1.570796327,14,-1.570796327,14.56021978,-1.292496668,11.40175425,-0.909753158,8.602325267,-0.620249486,7.280109889,-0.278299659,7,0,7.280109889,0.278299659,8.602325267,0.620249486,11.40175425,0.909753158,17.72004515,1.284744885,17,1.570796327
15,7,-1.570796327,14,-1.570796327,14.56021978,-1.292496668,10,-0.927295218,7.211102551,-0.588002604,6.32455532,-0.321750554,6,0,6.32455532,0.321750554,7.211102551,0.588002604,10,0.927295218,17.72004515,1.284744885,17,1.570796327
15,6,-1.570796327,14,-1.570796327,14.56021978,-1.292496668,7.810249676,-0.876058051,5.830951895,-0.5404195,5.099019514,-0.19739556,5,0,5.099019514,0.19739556,5.830951895,0.5404195,7.810249676,0.876058051,14.86606875,1.227772386,17,1.570796327
15,5,-1.570796327,14,-1.570796327,11.70469991,-1.222025323,6.403124237,-0.896055385,5,-0.643501109,4.123105626,-0.244978663,4,0,4.123105626,0.244978663,5,0.643501109,6.403124237,0.896055385,11.70469991,1.222025323,17,1.570796327